Head,Rel,Tail
목청을 가다듬는다,PosEnv,기대하다
목청을 가다듬는다,PosEnv,긴장하다
목청을 가다듬는다,NegEnv,긴장하다
목청을 가다듬는다,NegEnv,불안하다
목청을 가다듬는다,NegEnv,당황하다
옷매무새를 가다듬는다,PosEnv,존경하다
옷매무새를 가다듬는다,NegEnv,긴장하다
호흡을 가다듬는다,PosEnv,흥분하다
호흡을 가다듬는다,NegEnv,당황하다
눈물이 가득하다,PosEnv,감동받다
눈물이 가득하다,PosEnv,고맙다
눈물이 가득하다,NegEnv,슬프다
눈물이 가득하다,NegEnv,걱정하다
눈물이 가득하다,NegEnv,불안하다
목소리가 가라앉는다,PosEnv,진정하다
목소리가 가라앉는다,PosEnv,편안하다
목소리가 가라앉는다,NegEnv,우울하다
목소리가 가라앉는다,NegEnv,유감스럽다
목소리가 가라앉는다,NegEnv,두렵다
웃음소리가 가라앉는다,PosEnv,경외심이 들다
웃음소리가 가라앉는다,NegEnv,겁에 질리다
말을 가로막는다,PosEnv,흥분하다
말을 가로막는다,NegEnv,무시하다
Y를 가로막는다,PosEnv,흥분하다
Y를 가로막는다,NegEnv,분노하다
Y를 가로막는다,NegEnv,적대시하다
Y를 가로막는다,NegEnv,걱정하다
고개를 격하게 가로젓는다,PosEnv,신나다
고개를 격하게 가로젓는다,NegEnv,혐오하다
고개를 느리게 가로젓는다,NegEnv,실망하다
고개를 느리게 가로젓는다,NegEnv,체념하다
손으로 눈을 가린다,PosEnv,감동받다
손으로 눈을 가린다,NegEnv,절망하다
손으로 무릎을 가린다,PosEnv,부끄럽다
손으로 무릎을 가린다,NegEnv,창피하다
손으로 얼굴을 가린다,PosEnv,쑥스럽다
손으로 얼굴을 가린다,NegEnv,창피하다
손으로 얼굴을 가린다,NegEnv,수치스럽다
손으로 입을 가린다,PosEnv,놀라다
손으로 입을 가린다,NegEnv,슬프다
양손으로 얼굴을 가린다,PosEnv,쑥스럽다
양손으로 얼굴을 가린다,NegEnv,당황하다
자신의 팔목을 가린다,PosEnv,부끄럽다
자신의 팔목을 가린다,NegEnv,초라하다
자신의 몸을 가린다,PosEnv,놀라다
자신의 몸을 가린다,NegEnv,수치스럽다
자신의 몸을 가린다,NegEnv,불안하다
발걸음이 가볍다,PosEnv,행복하다
발걸음이 가볍다,PosEnv,신나다
호흡이 가쁘다,PosEnv,흥분하다
호흡이 가쁘다,NegEnv,겁에 질리다
호흡이 가쁘다,NegEnv,충격받다
얼굴에 손을 자주 가져간다,PosEnv,쑥스럽다
얼굴에 손을 자주 가져간다,NegEnv,초조하다
이를 간다,NegEnv,분노하다
갈팡질팡한다,PosEnv,긴장하다
갈팡질팡한다,NegEnv,의심하다
갈팡질팡한다,NegEnv,두렵다
눈이 반쯤 감긴다,PosEnv,안심하다
눈이 반쯤 감긴다,PosEnv,안정을 찾다
눈이 반쯤 감긴다,NegEnv,심드렁하다
눈이 스르르 감긴다,PosEnv,안심하다
눈이 스르르 감긴다,NegEnv,망연자실하다
눈을 감는다,PosEnv,만족하다
눈을 감는다,PosEnv,평안하다
눈을 감는다,NegEnv,겁에 질리다
눈을 지그시 감는다,PosEnv,평안하다
눈을 지그시 감는다,PosEnv,안정을 찾다
눈을 지그시 감는다,NegEnv,그리워하다
눈을 꼭 감는다,PosEnv,안도하다
눈을 꼭 감는다,PosEnv,안정을 찾다
눈을 꼭 감는다,NegEnv,겁에 질리다
귀를 감싼다,NegEnv,고민하다
머리를 감싼다,NegEnv,짜증나다
머리를 감싼다,NegEnv,낙담하다
손으로 얼굴을 감싼다,PosEnv,감동받다
손으로 얼굴을 감싼다,NegEnv,절망하다
손으로 얼굴을 감싼다,NegEnv,체념하다
손으로 팔꿈치를 감싼다,NegEnv,불안하다
양팔로 몸을 감싼다,PosEnv,흥분하다
양팔로 몸을 감싼다,NegEnv,우울하다
양팔로 몸을 감싼다,NegEnv,두렵다
양팔로 몸을 감싼다,NegEnv,창피하다
양팔로 상체를 감싼다,NegEnv,슬프다
양팔로 상체를 감싼다,NegEnv,그리워하다
양팔로 자신의 어깨를 감싼다,NegEnv,슬프다
양팔로 자신의 어깨를 감싼다,NegEnv,망연자실하다
목덜미를 손으로 감싼다,PosEnv,안정을 찾다
목덜미를 손으로 감싼다,NegEnv,초조하다
목덜미를 손으로 감싼다,NegEnv,불안하다
턱을 손으로 감싼다,PosEnv,만족하다
턱을 손으로 감싼다,NegEnv,고민하다
자신의 배를 감싼다,PosEnv,부끄럽다
자신의 배를 감싼다,NegEnv,불안하다
Y의 어깨를 감싼다,PosEnv,좋아하다
Y의 어깨를 감싼다,PosEnv,유대감을 느끼다
Y의 어깨를 감싼다,NegEnv,동정하다
모습을 감춘다,PosEnv,부끄럽다
모습을 감춘다,NegEnv,유감스럽다
상처를 감춘다,NegEnv,초라하다
손바닥을 감춘다,NegEnv,불신하다
손바닥을 감춘다,NegEnv,불안하다
손을 등 뒤로 감춘다,PosEnv,쑥스럽다
손을 등 뒤로 감춘다,NegEnv,두렵다
머리를 갸웃거린다,PosEnv,호기심이 생기다
머리를 갸웃거린다,NegEnv,혼란스럽다
내민 손을 거둬들인다,NegEnv,실망하다
내민 손을 거둬들인다,NegEnv,체념하다
하려던 짓을 그만둔다,PosEnv,놀라다
하려던 짓을 그만둔다,NegEnv,주저하다
하려던 짓을 그만둔다,NegEnv,불편하다
하려던 짓을 그만둔다,NegEnv,당황하다
거들먹거린다,PosEnv,자부심을 느끼다
거들먹거린다,NegEnv,질투하다
거들먹거린다,NegEnv,불안하다
숨결이 거칠다,PosEnv,욕정을 느끼다
숨결이 거칠다,NegEnv,분노하다
호흡이 거칠어진다,PosEnv,흥분하다
호흡이 거칠어진다,NegEnv,조급하다
호흡이 거칠어진다,NegEnv,초조하다
넌지시 말을 건넨다,PosEnv,호기심을 느끼다
넌지시 말을 건넨다,NegEnv,심드렁하다
모르는 Y에게 말을 건다,NegEnv,외롭다
시비를 건다,PosEnv,흥분하다
시비를 건다,NegEnv,짜증나다
시비를 건다,NegEnv,혐오하다
Y를 톡톡 건드린다,PosEnv,좋아하다
Y를 톡톡 건드린다,PosEnv,호기심이 생기다
Y를 톡톡 건드린다,NegEnv,불안하다
고개를 푹 숙이고 걷는다,NegEnv,우울하다
고개를 푹 숙이고 걷는다,NegEnv,초라하다
고개를 푹 숙이고 걷는다,NegEnv,체념하다
곧은 걸음걸이로 걷는다,PosEnv,자신감이 있다
넓은 보폭으로 걷는다,PosEnv,즐겁다
넓은 보폭으로 걷는다,PosEnv,신나다
뛰다시피 걷는다,PosEnv,신나다
뛰다시피 걷는다,PosEnv,흥분하다
뛰다시피 걷는다,NegEnv,다급하다
뛰다시피 걷는다,NegEnv,두렵다
Y에게서 멀찍이 떨어져 걷는다,NegEnv,무시하다
Y에게서 멀찍이 떨어져 걷는다,NegEnv,경멸하다
보폭을 평소보다 좁게 걷는다,NegEnv,체념하다
축 쳐진 채 걷는다,NegEnv,슬프다
축 쳐진 채 걷는다,NegEnv,망연자실하다
축 쳐진 채 걷는다,NegEnv,체념하다
휘적휘적 걷는다,PosEnv,신나다
휘적휘적 걷는다,PosEnv,자신감이 있다
까치발로 걷다,PosEnv,재미있다
까치발로 걷다,NegEnv,두렵다
태평하게 걷다,PosEnv,평안하다
태평하게 걷다,NegEnv,심드렁하다
발로 땅바닥을 걷어찬다,NegEnv,짜증나다
발로 땅바닥을 걷어찬다,NegEnv,실망하다
Y를 걷어찬다,NegEnv,분노하다
자신의 발에 걸린다,PosEnv,긴장하다
자신의 발에 걸린다,PosEnv,흥분하다
자신의 발에 걸린다,NegEnv,긴장하다
자신의 발에 걸린다,NegEnv,조급하다
자신의 발에 걸린다,NegEnv,당황하다
뒤돌아보지 않고 걸어간다,PosEnv,자신감이 있다
뒤돌아보지 않고 걸어간다,PosEnv,흥분하다
뒤돌아보지 않고 걸어간다,NegEnv,분노하다
뒤돌아보지 않고 걸어간다,NegEnv,실망하다
팔을 등받이에 걸친다,PosEnv,평안하다
팔을 등받이에 걸친다,PosEnv,안정을 찾다
팔을 등받이에 걸친다,NegEnv,심드렁하다
의자 끝에 걸터앉는다,PosEnv,평안하다
Y를 격려한다,PosEnv,만족하다
Y를 격려한다,PosEnv,기쁘다
Y를 격려한다,NegEnv,안타깝다
어조가 격앙된다,PosEnv,도취되다
어조가 격앙된다,PosEnv,신나다
어조가 격앙된다,PosEnv,흥분하다
어조가 격앙된다,NegEnv,분노하다
어조가 격앙된다,NegEnv,짜증나다
Y를 경계한다,NegEnv,의심하다
Y를 경계한다,NegEnv,두렵다
상체가 경직된다,PosEnv,긴장하다
상체가 경직된다,NegEnv,두렵다
상체가 경직된다,NegEnv,긴장하다
상체가 경직된다,NegEnv,당황하다
Y의 말에 경청한다,PosEnv,좋아하다
Y의 말에 경청한다,NegEnv,두렵다
곁눈질한다,PosEnv,좋아하다
곁눈질한다,NegEnv,불신하다
곁눈질한다,NegEnv,불안하다
빠르게 고갯짓한다,PosEnv,확신에 차다
빠르게 고갯짓한다,NegEnv,겁에 질리다
호흡이 고르다,PosEnv,만족하다
호흡이 고르다,PosEnv,평안하다
숨을 고른다,PosEnv,안정을 찾다
숨을 고른다,NegEnv,불안하다
목소리가 고조된다,PosEnv,도취되다
목소리가 고조된다,PosEnv,신나다
목소리가 고조된다,NegEnv,불쾌하다
목소리가 고조된다,NegEnv,짜증나다
목소리가 고조된다,NegEnv,분개하다
화장을 고치고 또 고친다,PosEnv,설레다
화장을 고치고 또 고친다,PosEnv,기대하다
화장을 고치고 또 고친다,NegEnv,초조하다
화장을 고치고 또 고친다,NegEnv,불안하다
촉각을 곤두세운다,PosEnv,긴장하다
촉각을 곤두세운다,NegEnv,의심하다
촉각을 곤두세운다,NegEnv,두렵다
촉각을 곤두세운다,NegEnv,긴장하다
신경을 곤두세운다,PosEnv,긴장하다
신경을 곤두세운다,NegEnv,의심하다
신경을 곤두세운다,NegEnv,불안하다
신경을 곤두세운다,NegEnv,긴장하다
Y를 말로 공격한다,NegEnv,분노하다
Y를 말로 공격한다,NegEnv,싫어하다
Y를 말로 공격한다,NegEnv,시기하다
묵묵히 관조한다,PosEnv,만족하다
묵묵히 관조한다,NegEnv,체념하다
한 손으로 턱을 괸다,PosEnv,관심이 있다
한 손으로 턱을 괸다,NegEnv,고민하다
Y와 시선을 교환한다,PosEnv,좋아하다
Y와 시선을 교환한다,NegEnv,불안하다
Y와 끈적한 시선을 교환한다,PosEnv,욕정을 느끼다
Y와 눈빛을 교환한다,PosEnv,신나다
Y와 눈빛을 교환한다,PosEnv,재미있다
Y와 눈빛을 교환한다,NegEnv,불안하다
바닥에 발을 구른다,PosEnv,신나다
바닥에 발을 구른다,PosEnv,재미있다
바닥에 발을 구른다,PosEnv,긴장하다
바닥에 발을 구른다,NegEnv,짜증나다
바닥에 발을 구른다,NegEnv,조급하다
바닥에 발을 구른다,NegEnv,긴장하다
바닥에 쓰러져 데굴데굴 구른다,PosEnv,유쾌하다
바닥에 쓰러져 데굴데굴 구른다,PosEnv,재미있다
바닥에 쓰러져 데굴데굴 구른다,NegEnv,반항하다
발을 동동 구른다,PosEnv,신나다
발을 동동 구른다,PosEnv,기대하다
발을 동동 구른다,NegEnv,걱정하다
발을 동동 구른다,NegEnv,조급하다
발을 동동 구른다,NegEnv,절박하다
발을 쿵쿵 구른다,PosEnv,신나다
발을 쿵쿵 구른다,PosEnv,기대하다
발을 쿵쿵 구른다,NegEnv,분노하다
발을 쿵쿵 구른다,NegEnv,짜증나다
손뼉을 치며 발을 구른다,PosEnv,유쾌하다
손뼉을 치며 발을 구른다,PosEnv,재미있다
등을 구부린다,NegEnv,상처받다
등을 구부린다,NegEnv,고통스럽다
몸을 구부린다,NegEnv,불안하다
어깨가 구부정하다,NegEnv,위축되다
자세가 구부정하다,NegEnv,위축되다
자세가 구부정하다,NegEnv,실망하다
자세가 구부정하다,NegEnv,불편하다
구시렁거린다,NegEnv,짜증나다
구시렁거린다,NegEnv,화나다
구시렁거린다,NegEnv,불안하다
Y에 대해 구시렁거린다,NegEnv,질투하다
Y에 대해 구시렁거린다,NegEnv,불만족스럽다
Y에 대해 구시렁거린다,NegEnv,시기하다
Y에게 의견을 구한다,PosEnv,좋아하다
Y에게 의견을 구한다,NegEnv,불안하다
Y에게 조언을 구한다,PosEnv,좋아하다
Y에게 조언을 구한다,NegEnv,불안하다
딱딱하게 군다,PosEnv,쑥스럽다
딱딱하게 군다,PosEnv,당황하다
딱딱하게 군다,NegEnv,두렵다
딱딱하게 군다,NegEnv,당황하다
변덕스럽게 군다,NegEnv,초조하다
변덕스럽게 군다,NegEnv,불안하다
위협적으로 군다,NegEnv,분노하다
위협적으로 군다,NegEnv,화나다
짓궂게 군다,PosEnv,즐겁다
짓궂게 군다,PosEnv,유쾌하다
짓궂게 군다,NegEnv,무시하다
충동적으로 군다,PosEnv,긴장하다
충동적으로 군다,PosEnv,흥분하다
충동적으로 군다,NegEnv,혼란스럽다
충동적으로 군다,NegEnv,불안하다
퉁명스럽게 군다,PosEnv,쑥스럽다
퉁명스럽게 군다,NegEnv,짜증나다
퉁명스럽게 군다,NegEnv,혐오하다
퉁명스럽게 군다,NegEnv,불편하다
갑자기 표정이 굳는다,PosEnv,놀라다
갑자기 표정이 굳는다,NegEnv,놀라다
갑자기 표정이 굳는다,NegEnv,충격받다
순간적으로 몸이 굳는다,PosEnv,놀라다
순간적으로 몸이 굳는다,PosEnv,긴장하다
순간적으로 몸이 굳는다,NegEnv,긴장하다
순간적으로 몸이 굳는다,NegEnv,놀라다
순간적으로 몸이 굳는다,NegEnv,당황하다
자세가 굳는다,PosEnv,놀라다
자세가 굳는다,NegEnv,분노하다
자세가 굳는다,NegEnv,부끄럽다
자세가 굳는다,NegEnv,혐오하다
눈알을 굴린다,PosEnv,즐겁다
눈알을 굴린다,PosEnv,호기심이 생기다
눈알을 굴린다,PosEnv,신나다
눈알을 굴린다,NegEnv,불안하다
눈을 이리저리 굴린다,NegEnv,혼란스럽다
눈을 이리저리 굴린다,NegEnv,불안하다
동작이 굼뜨다,NegEnv,분노하다
동작이 굼뜨다,NegEnv,우울하다
어깨가 굽는다,NegEnv,위축되다
눈물이 그렁그렁하다,PosEnv,감동받다
눈물이 그렁그렁하다,PosEnv,고맙다
눈물이 그렁그렁하다,NegEnv,우울하다
눈물이 그렁그렁하다,NegEnv,상처받다
팔로 엑스자를 그린다,PosEnv,확신에 차다
팔로 엑스자를 그린다,NegEnv,불쾌하다
승리의 브이자를 그린다,PosEnv,도취되다
승리의 브이자를 그린다,PosEnv,신나다
승리의 브이자를 그린다,PosEnv,희열을 느끼다
눈물을 글썽인다,PosEnv,만족하다
눈물을 글썽인다,PosEnv,감동받다
눈물을 글썽인다,NegEnv,우울하다
눈물을 글썽인다,NegEnv,슬프다
비위를 살살 긁는다,NegEnv,짜증나다
비위를 살살 긁는다,NegEnv,무시하다
손톱으로 뺨을 긁는다,PosEnv,쑥스럽다
손톱으로 뺨을 긁는다,NegEnv,불안하다
손톱으로 손바닥을 긁는다,NegEnv,분노하다
머리를 긁적거린다,PosEnv,쑥스럽다
머리를 긁적거린다,NegEnv,머쓱하다
머리를 긁적거린다,NegEnv,난감하다
뺨을 긁적거린다,PosEnv,쑥스럽다
뺨을 긁적거린다,NegEnv,고민하다
팔꿈치를 긁적거린다,NegEnv,고민하다
턱을 긁적인다,NegEnv,불신하다
턱을 긁적인다,NegEnv,심드렁하다
턱을 긁적인다,NegEnv,의심하다
성호를 긋는다,PosEnv,안도하다
성호를 긋는다,PosEnv,안심하다
성호를 긋는다,NegEnv,두렵다
칼로 손목을 긋는다,NegEnv,우울하다
칼로 손목을 긋는다,NegEnv,절박하다
Y를 기다린다,PosEnv,설레다
Y를 기다린다,PosEnv,기대하다
Y를 기다린다,NegEnv,초조하다
Y를 기다린다,NegEnv,불안하다
벽에 기댄다,PosEnv,안도하다
벽에 기댄다,NegEnv,실망하다
벽에 기댄다,NegEnv,무기력하다
의자에 기댄다,PosEnv,흥미롭다
의자에 기댄다,PosEnv,유쾌하다
의자에 기댄다,NegEnv,충격받다
고개를 옆으로 기울인다,PosEnv,호기심이 생기다
고개를 옆으로 기울인다,NegEnv,혼란스럽다
고개를 한쪽으로 기울인다,PosEnv,호기심이 생기다
고개를 한쪽으로 기울인다,PosEnv,놀라다
고개를 한쪽으로 기울인다,NegEnv,혼란스럽다
상체를 뒤로 기울인다,PosEnv,관심을 가지다
상체를 뒤로 기울인다,NegEnv,불쾌하다
주의를 기울인다,PosEnv,좋아하다
주의를 기울인다,NegEnv,의심하다
주의를 기울인다,NegEnv,긴장하다
Y쪽으로 상체를 기울인다,PosEnv,좋아하다
Y쪽으로 상체를 기울인다,PosEnv,관심을 가지다
Y쪽으로 상체를 기울인다,NegEnv,의심하다
Y를 향해 몸을 기울인다,PosEnv,좋아하다
Y를 향해 몸을 기울인다,PosEnv,친밀감을 느끼다
Y를 향해 몸을 기울인다,NegEnv,의심하다
Y를 향해 몸을 기울인다,NegEnv,화나다
Y의 말에 귀 기울인다,PosEnv,좋아하다
Y의 말에 귀 기울인다,PosEnv,존경하다
Y의 말에 귀 기울인다,NegEnv,긴장하다
신체 접촉을 기피한다,PosEnv,부끄럽다
신체 접촉을 기피한다,NegEnv,불쾌하다
Y를 피한다,NegEnv,무시하다
Y를 피한다,NegEnv,두렵다
Y를 피한다,NegEnv,혐오하다
호흡이 깊어진다,PosEnv,욕정을 느끼다
호흡이 깊어진다,NegEnv,두렵다
고개만 까딱거린다,NegEnv,우울하다
고개만 까딱거린다,NegEnv,절망하다
발끝을 까딱거린다,PosEnv,즐겁다
발끝을 까딱거린다,PosEnv,기대하다
발끝을 까딱거린다,NegEnv,짜증나다
발끝을 까딱거린다,NegEnv,불편하다
발끝을 까딱거린다,NegEnv,거슬리다
손가락을 까딱거린다,PosEnv,신나다
손가락을 까딱거린다,PosEnv,긴장하다
손가락을 까딱거린다,NegEnv,무시하다
손가락을 까딱거린다,NegEnv,긴장하다
Y를 깎아내린다,PosEnv,고소해하다
Y를 깎아내린다,NegEnv,분개하다
Y를 깎아내린다,NegEnv,울분을 느끼다
Y를 깎아내린다,NegEnv,멸시하다
깐죽거린다,PosEnv,즐겁다
깐죽거린다,PosEnv,유쾌하다
깐죽거린다,PosEnv,신나다
깐죽거린다,NegEnv,시기하다
깔깔거린다,PosEnv,즐겁다
깔깔거린다,PosEnv,고소해하다
깔깔거린다,PosEnv,신나다
깔깔거린다,NegEnv,경멸하다
눈을 빠르게 깜박인다,PosEnv,놀라다
눈을 빠르게 깜박인다,NegEnv,초조하다
눈을 빠르게 깜박인다,NegEnv,불안하다
눈을 느리게 깜빡인다,PosEnv,놀라다
눈을 느리게 깜빡인다,NegEnv,혼란스럽다
눈을 느리게 깜빡인다,NegEnv,충격받다
Y를 깜빡한다,PosEnv,흥분하다
Y를 깜빡한다,NegEnv,충격받다
물건을 깨뜨린다,NegEnv,슬프다
볼 안쪽을 질겅질겅 깨문다,NegEnv,초조하다
볼 안쪽을 질겅질겅 깨문다,NegEnv,불안하다
손가락을 깨문다,NegEnv,고민하다
손가락을 깨문다,NegEnv,걱정하다
손가락을 깨문다,NegEnv,불안하다
아랫입술을 지그시 깨문다,NegEnv,수치스럽다
입술을 깨문다,PosEnv,기대하다
입술을 깨문다,NegEnv,불안하다
입술의 안쪽을 깨문다,NegEnv,의심하다
입술의 안쪽을 깨문다,NegEnv,불안하다
어금니를 꽉 깨문다,PosEnv,흥분하다
어금니를 꽉 깨문다,NegEnv,분노하다
음식을 깨작거린다,NegEnv,우울하다
음식을 깨작거린다,NegEnv,걱정하다
고개를 푹 꺾는다,NegEnv,우울하다
고개를 푹 꺾는다,NegEnv,초라하다
손가락 마디를 뚝뚝 꺾는다,NegEnv,분노하다
손가락을 하나씩 뚝뚝 꺾는다,NegEnv,화나다
눈을 껌뻑인다,PosEnv,놀라다
눈을 껌뻑인다,NegEnv,불신하다
눈을 껌뻑인다,NegEnv,놀라다
Y를 껴안는다,PosEnv,좋아하다
Y를 껴안는다,PosEnv,기쁘다
몸을 꼬다,PosEnv,욕정을 느끼다
몸을 꼬다,NegEnv,초조하다
몸을 꼬다,NegEnv,당황하다
자신의 살갗을 꼬집는다,PosEnv,긴장하다
자신의 살갗을 꼬집는다,NegEnv,불안하다
자신의 살갗을 꼬집는다,NegEnv,긴장하다
목젖을 꼬집는다,PosEnv,부러워하다
목젖을 꼬집는다,NegEnv,불편하다
자신의 입술을 꼬집는다,NegEnv,의심하다
자신의 입술을 꼬집는다,NegEnv,불안하다
머리카락을 꼰다,PosEnv,부끄럽다
머리카락을 꼰다,NegEnv,불안하다
발가락을 비비 꼰다,PosEnv,도취되다
발가락을 비비 꼰다,PosEnv,긴장하다
발가락을 비비 꼰다,NegEnv,고뇌하다
발가락을 비비 꼰다,NegEnv,긴장하다
발가락을 비비 꼰다,NegEnv,당황하다
손가락을 비비 꼰다,PosEnv,쑥스럽다
손가락을 비비 꼰다,PosEnv,긴장하다
손가락을 비비 꼰다,NegEnv,초조하다
손가락을 비비 꼰다,NegEnv,긴장하다
옷자락을 비비 꼰다,PosEnv,수줍다
옷자락을 비비 꼰다,NegEnv,불안하다
꼼지락거린다,PosEnv,긴장하다
꼼지락거린다,NegEnv,불안하다
꼼지락거린다,NegEnv,긴장하다
발가락을 꼼지락거린다,PosEnv,도취되다
발가락을 꼼지락거린다,PosEnv,신나다
발가락을 꼼지락거린다,PosEnv,기대하다
발가락을 꼼지락거린다,NegEnv,초조하다
발가락을 꼼지락거린다,NegEnv,불안하다
손발을 꼼지락거린다,PosEnv,수줍다
손발을 꼼지락거린다,NegEnv,주저하다
허리가 꼿꼿해진다,PosEnv,확신에 차다
허리가 꼿꼿해진다,PosEnv,희망에 부풀다
허리가 꼿꼿해진다,NegEnv,긴장하다
입술을 꾹 다문다,PosEnv,수줍다
입술을 꾹 다문다,NegEnv,당황하다
고개를 끄덕거린다,PosEnv,만족하다
고개를 끄덕거린다,PosEnv,안심하다
고개를 끄덕거린다,PosEnv,누그러지다
고개를 끄덕거린다,NegEnv,긴장하다
마지 못해 고개를 끄덕거린다,PosEnv,수줍다
마지 못해 고개를 끄덕거린다,NegEnv,의심하다
마지 못해 고개를 끄덕거린다,NegEnv,짜증나다
빠르게 고개를 끄덕거린다,PosEnv,만족하다
빠르게 고개를 끄덕거린다,PosEnv,기쁘다
빠르게 고개를 끄덕거린다,PosEnv,기대하다
빠르게 고개를 끄덕거린다,NegEnv,두렵다
흔쾌히 고개를 끄덕거린다,PosEnv,만족하다
흔쾌히 고개를 끄덕거린다,PosEnv,기쁘다
Y의 말에 고개를 끄덕인다,PosEnv,감탄하다
Y의 말에 고개를 끄덕인다,PosEnv,존경하다
끄적거린다,PosEnv,즐겁다
끄적거린다,PosEnv,평안하다
끄적거린다,PosEnv,신나다
끄적거린다,NegEnv,심드렁하다
말을 질질 끈다,PosEnv,쑥스럽다
말을 질질 끈다,NegEnv,두렵다
말을 질질 끈다,NegEnv,주저하다
팔을 잡아 끈다,PosEnv,유쾌하다
팔을 잡아 끈다,NegEnv,갑갑하다
Y의 말을 끊는다,NegEnv,싫어하다
Y의 말을 끊는다,NegEnv,멸시하다
말을 하다 끊는다,PosEnv,놀라다
말을 하다 끊는다,NegEnv,경악하다
연락을 끊는다,NegEnv,증오하다
연락을 끊는다,NegEnv,짜증나다
다리를 가슴까지 끌어당긴다,NegEnv,고뇌하다
다리를 가슴까지 끌어당긴다,NegEnv,쓸쓸하다
다리를 가슴까지 끌어당긴다,NegEnv,긴장하다
팔꿈치를 바짝 끌어당긴다,NegEnv,겁에 질리다
팔꿈치를 바짝 끌어당긴다,NegEnv,불편하다
Y를 자기 쪽으로 끌어당긴다,PosEnv,좋아하다
Y를 자기 쪽으로 끌어당긴다,PosEnv,욕정을 느끼다
Y를 자기 쪽으로 끌어당긴다,NegEnv,두렵다
Y를 자기 쪽으로 끌어당긴다,NegEnv,질투하다
불쑥 끼어든다,PosEnv,흥분하다
불쑥 끼어든다,NegEnv,답답하다
Y가 하는 말을 막고 끼어든다,PosEnv,도취되다
Y가 하는 말을 막고 끼어든다,PosEnv,흥분하다
Y가 하는 말을 막고 끼어든다,NegEnv,무시하다
Y가 하는 말을 막고 끼어든다,NegEnv,불안하다
Y의 말을 자르고 끼어든다,PosEnv,흥분하다
Y의 말을 자르고 끼어든다,NegEnv,화나다
Y의 말을 자르고 끼어든다,NegEnv,멸시하다
손을 무릎 사이에 끼운다,PosEnv,긴장하다
손을 무릎 사이에 끼운다,NegEnv,긴장하다
팔을 옆구리에 낀다,PosEnv,부끄럽다
팔을 옆구리에 낀다,NegEnv,삐지다
Y와 어색한 포옹을 나눈다,NegEnv,싫어하다
Y와 악수를 나눈다,PosEnv,쑥스럽다
Y와 악수를 나눈다,NegEnv,경계하다
자세가 나쁘다,NegEnv,불쾌하다
자세가 나쁘다,NegEnv,심드렁하다
자세가 나쁘다,NegEnv,불편하다
발 벗고 나선다,PosEnv,좋아하다
발 벗고 나선다,NegEnv,답답하다
말이 안 나온다,PosEnv,놀라다
말이 안 나온다,NegEnv,슬프다
말이 안 나온다,NegEnv,두렵다
말이 안 나온다,NegEnv,충격받다
말이 토막토막 쪼개져서 나온다,PosEnv,희열을 느끼다
말이 토막토막 쪼개져서 나온다,NegEnv,우울하다
말이 토막토막 쪼개져서 나온다,NegEnv,짜증나다
울음이 터져 나온다,PosEnv,안도하다
울음이 터져 나온다,PosEnv,감동받다
울음이 터져 나온다,NegEnv,슬프다
울음이 터져 나온다,NegEnv,겁에 질리다
울음이 터져 나온다,NegEnv,그리워하다
땀이 난다,PosEnv,긴장하다
땀이 난다,PosEnv,신나다
땀이 난다,PosEnv,흥분하다
땀이 난다,NegEnv,초조하다
땀이 난다,NegEnv,당황하다
발바닥에 땀이 난다,PosEnv,긴장하다
발바닥에 땀이 난다,NegEnv,불안하다
발바닥에 땀이 난다,NegEnv,긴장하다
입술을 씹어 피가 난다,NegEnv,두렵다
입술을 씹어 피가 난다,NegEnv,불안하다
난입한다,PosEnv,흥분하다
난입한다,NegEnv,분노하다
난입한다,NegEnv,화나다
목소리를 낮춘다,NegEnv,유감스럽다
목소리를 낮춘다,NegEnv,걱정하다
주먹을 허공에 내두른다,PosEnv,유쾌하다
주먹을 허공에 내두른다,PosEnv,신나다
주먹을 허공에 내두른다,NegEnv,분노하다
주먹을 허공에 내두른다,NegEnv,짜증나다
주먹을 허공에 내두른다,NegEnv,울분을 느끼다
Y를 멍하니 내려다본다,NegEnv,슬프다
Y를 멍하니 내려다본다,NegEnv,절망하다
Y를 멍하니 내려다본다,NegEnv,체념하다
위협적으로 내려다본다,NegEnv,분노하다
위협적으로 내려다본다,NegEnv,혐오하다
위협적으로 내려다본다,NegEnv,멸시하다
Y를 내려다본다,NegEnv,동정하다
Y를 내려다본다,NegEnv,무시하다
Y를 내려다본다,NegEnv,경멸하다
시선을 내려뜨린다,PosEnv,부끄럽다
시선을 내려뜨린다,NegEnv,아쉽다
시선을 내려뜨린다,NegEnv,애석하다
자신의 앞머리를 내려뜨린다,PosEnv,수줍다
자신의 앞머리를 내려뜨린다,NegEnv,창피하다
자신의 앞머리를 내려뜨린다,NegEnv,두렵다
시선을 내리깐다,PosEnv,수줍다
시선을 내리깐다,NegEnv,위축되다
시선을 내리깐다,NegEnv,자책하다
주먹으로 내리친다,NegEnv,짜증나다
주먹으로 내리친다,NegEnv,화나다
입꼬리를 내린다,PosEnv,재미있다
입꼬리를 내린다,NegEnv,불만족스럽다
입꼬리를 내린다,NegEnv,시기하다
자세가 무너져 내린다,NegEnv,우울하다
가슴을 내민다,PosEnv,신나다
가슴을 내민다,PosEnv,자부심을 느끼다
가슴을 내민다,PosEnv,흥분하다
가슴을 내민다,NegEnv,화나다
가슴을 내민다,NegEnv,반항하다
Y에게 먼저 손을 내민다,PosEnv,좋아하다
Y에게 먼저 손을 내민다,PosEnv,유대감을 느끼다
Y에게 먼저 손을 내민다,NegEnv,체념하다
발을 쭉 내민다,PosEnv,안도하다
발을 쭉 내민다,PosEnv,자신감이 있다
발을 쭉 내민다,NegEnv,불쾌하다
손을 내민다,PosEnv,누그러지다
손을 내민다,PosEnv,기대하다
손을 내민다,PosEnv,유대감을 느끼다
손을 내민다,NegEnv,동정하다
손을 내민다,NegEnv,애석하다
턱을 앞으로 내민다,PosEnv,부러워하다
턱을 앞으로 내민다,NegEnv,의심하다
턱을 앞으로 내민다,NegEnv,반항하다
팔을 앞으로 내민다,PosEnv,열망하다
팔을 앞으로 내민다,NegEnv,체념하다
혀를 앞으로 내민다,PosEnv,유쾌하다
혀를 앞으로 내민다,PosEnv,재미있다
가벼운 신음을 내뱉는다,PosEnv,감탄하다
가벼운 신음을 내뱉는다,NegEnv,아쉽다
무거운 탄식을 내뱉는다,NegEnv,실망하다
무거운 탄식을 내뱉는다,NegEnv,낙담하다
숨을 가득 들이마셨다가 내뱉는다,PosEnv,안정을 찾다
숨을 가득 들이마셨다가 내뱉는다,NegEnv,답답하다
숨을 고통스럽게 내뱉는다,NegEnv,절망하다
숨을 고통스럽게 내뱉는다,NegEnv,자책하다
숨을 깊이 들이마신 후 느리게 내뱉는다,PosEnv,평안하다
숨을 깊이 들이마신 후 느리게 내뱉는다,PosEnv,안정을 찾다
숨을 깊이 들이마신 후 느리게 내뱉는다,NegEnv,불안하다
숨을 한순간 참았다 내뱉는다,PosEnv,안도하다
숨을 한순간 참았다 내뱉는다,PosEnv,긴장하다
숨을 한순간 참았다 내뱉는다,NegEnv,경악하다
숨을 한순간 참았다 내뱉는다,NegEnv,긴장하다
욕설을 내뱉는다,NegEnv,분노하다
욕설을 내뱉는다,NegEnv,증오하다
욕설을 내뱉는다,NegEnv,짜증나다
자기 뺨을 찰싹 때린다,PosEnv,긴장하다
자기 뺨을 찰싹 때린다,PosEnv,흥분하다
자기 뺨을 찰싹 때린다,NegEnv,혼란스럽다
자기 뺨을 찰싹 때린다,NegEnv,긴장하다
목을 내보인다,PosEnv,욕정을 느끼다
목을 내보인다,NegEnv,화나다
힘든 기색을 내보인다,NegEnv,짜증나다
힘든 기색을 내보인다,NegEnv,좌절하다
힘든 기색을 내보인다,NegEnv,체념하다
슬그머니 내뺀다,NegEnv,두렵다
슬그머니 내뺀다,NegEnv,불안하다
슬그머니 내뺀다,NegEnv,긴장하다
입안의 물을 내뿜는다,PosEnv,유쾌하다
입안의 물을 내뿜는다,PosEnv,당황하다
입안의 물을 내뿜는다,NegEnv,경악하다
숨을 겨우 내쉰다,NegEnv,경악하다
깊은 숨을 내쉰다,PosEnv,안정을 찾다
깊은 숨을 내쉰다,NegEnv,실망하다
한숨을 내쉰다,NegEnv,애석하다
한숨을 내쉰다,NegEnv,쓸쓸하다
숨을 길게 내쉰다,PosEnv,평안하다
숨을 길게 내쉰다,PosEnv,안정을 찾다
숨을 길게 내쉰다,NegEnv,갑갑하다
숨을 크게 내쉰다,NegEnv,짜증나다
숨을 크게 내쉰다,NegEnv,화나다
얕은 호흡을 내쉰다,NegEnv,초라하다
코로 크게 숨을 내쉰다,PosEnv,안정을 찾다
코로 크게 숨을 내쉰다,NegEnv,짜증나다
고개를 세차게 내젓는다,NegEnv,충격받다
손을 거칠게 내젓는다,PosEnv,흥분하다
손을 거칠게 내젓는다,NegEnv,분노하다
손을 거칠게 내젓는다,NegEnv,화나다
팔을 내젓는다,PosEnv,신나다
팔을 내젓는다,NegEnv,두렵다
탄성을 내지른다,PosEnv,놀라다
탄성을 내지른다,PosEnv,희열을 느끼다
탄성을 내지른다,PosEnv,경외심이 들다
가래 끓는 소리를 낸다,NegEnv,혐오하다
가래 끓는 소리를 낸다,NegEnv,멸시하다
목울대에서 소리를 낸다,NegEnv,분개하다
목울대에서 소리를 낸다,NegEnv,초조하다
목울대에서 소리를 낸다,NegEnv,경멸하다
앓는 소리를 낸다,NegEnv,실망하다
앓는 소리를 낸다,NegEnv,낙담하다
자신도 모르게 신음을 낸다,PosEnv,놀라다
자신도 모르게 신음을 낸다,NegEnv,당황하다
큰 목소리를 낸다,PosEnv,신나다
큰 목소리를 낸다,NegEnv,짜증나다
큰 목소리를 낸다,NegEnv,화나다
큰 목소리를 낸다,NegEnv,분개하다
Y를 위해 시간을 낸다,PosEnv,좋아하다
Y를 위해 시간을 낸다,NegEnv,걱정하다
콧구멍이 넓어진다,PosEnv,신나다
콧구멍이 넓어진다,PosEnv,흥분하다
콧구멍이 넓어진다,NegEnv,짜증난다
머리를 귀 뒤로 넘긴다,PosEnv,수줍다
머리를 귀 뒤로 넘긴다,NegEnv,머쓱하다
머리를 귀 뒤로 넘긴다,NegEnv,초조하다
Y의 머리를 쓸어 넘긴다,PosEnv,욕정을 느끼다
Y의 머리를 쓸어 넘긴다,NegEnv,동정하다
자주 넘어진다,PosEnv,흥분하다
자주 넘어진다,NegEnv,불안하다
눈빛에 생기가 넘친다,PosEnv,행복하다
눈빛에 생기가 넘친다,PosEnv,희망에 차다
손을 주머니에 찔러 넣는다,NegEnv,초조하다
손을 주머니에 찔러 넣는다,NegEnv,불안하다
무섭게 노려본다,NegEnv,멸시하다
험상궂게 노려본다,NegEnv,분노하다
험상궂게 노려본다,NegEnv,불쾌하다
험상궂게 노려본다,NegEnv,울분을 느끼다
Y를 노려본다,NegEnv,증오하다
Y를 노려본다,NegEnv,실망하다
Y를 노려본다,NegEnv,화나다
Y를 장난감처럼 가지고 논다,PosEnv,즐겁다
Y를 장난감처럼 가지고 논다,PosEnv,고소해하다
Y를 장난감처럼 가지고 논다,PosEnv,희열을 느끼다
Y를 장난감처럼 가지고 논다,NegEnv,경멸하다
움찔한다,PosEnv,놀라다
움찔한다,NegEnv,소름이 끼치다
움찔한다,NegEnv,놀라다
손을 바쁘게 놀린다,NegEnv,초조하다
손을 바쁘게 놀린다,NegEnv,불안하다
목소리 톤이 높아진다,PosEnv,희망에 부풀다
목소리 톤이 높아진다,PosEnv,신나다
목소리 톤이 높아진다,NegEnv,짜증나다
목소리 톤이 높아진다,NegEnv,경악하다
어조가 높아진다,PosEnv,도취되다
어조가 높아진다,PosEnv,희열을 느끼다
어조가 높아진다,NegEnv,짜증나다
어조가 높아진다,NegEnv,울분을 느끼다
어조가 높아진다,NegEnv,분개하다
목소리를 높인다,PosEnv,즐겁다
목소리를 높인다,PosEnv,유쾌하다
목소리를 높인다,PosEnv,신나다
목소리를 높인다,NegEnv,짜증나다
넋을 놓다,PosEnv,좋아하다
넋을 놓다,PosEnv,놀라다
넋을 놓다,PosEnv,경외심이 들다
넋을 놓다,NegEnv,충격받다
넋을 놓다,NegEnv,당황하다
물건을 놓친다,PosEnv,감탄하다
물건을 놓친다,PosEnv,놀라다
물건을 놓친다,PosEnv,긴장하다
물건을 놓친다,NegEnv,긴장하다
물건을 놓친다,NegEnv,혼란스럽다
물건을 놓친다,NegEnv,충격받다
손톱이 아무렇게나 자라도록 놔둔다,NegEnv,망연자실하다
관자놀이를 누른다,NegEnv,초조하다
눈 주위를 꾹꾹 누른다,NegEnv,불안하다
눈 주위를 꾹꾹 누른다,NegEnv,당황하다
눈자위를 꾹꾹 누른다,NegEnv,절망하다
손가락으로 입술을 지그시 누른다,PosEnv,욕정을 느끼다
손가락으로 입술을 지그시 누른다,NegEnv,긴장하다
주먹으로 가슴을 누른다,NegEnv,고민하다
주먹으로 가슴을 누른다,NegEnv,불안하다
Y의 무릎을 베고 눕는다,PosEnv,안도하다
Y의 무릎을 베고 눕는다,PosEnv,편안하다
Y의 무릎을 베고 눕는다,NegEnv,체념하다
풀밭 위에 눕는다,PosEnv,만족하다
풀밭 위에 눕는다,PosEnv,유쾌하다
풀밭 위에 눕는다,PosEnv,안정을 찾다
풀밭 위에 눕는다,NegEnv,망연자실하다
장황하게 말을 늘어놓는다,PosEnv,감동받다
장황하게 말을 늘어놓는다,PosEnv,도취되다
장황하게 말을 늘어놓는다,NegEnv,억울하다
장황하게 말을 늘어놓는다,NegEnv,당황하다
몸을 축 늘어뜨린다,PosEnv,안도하다
몸을 축 늘어뜨린다,NegEnv,슬프다
몸을 축 늘어뜨린다,NegEnv,절망하다
손을 축 늘어뜨린다,NegEnv,우울하다
두 팔을 길게 늘어뜨린다,NegEnv,절망하다
두 팔을 길게 늘어뜨린다,NegEnv,충격받다
얼굴을 늘어지게 당긴다,NegEnv,절망하다
얼굴을 늘어지게 당긴다,NegEnv,충격받다
자세가 축 늘어진다,PosEnv,편안하다
자세가 축 늘어진다,PosEnv,안심하다
자세가 축 늘어진다,NegEnv,우울하다
자세가 축 늘어진다,NegEnv,망연자실하다
자세가 축 늘어진다,NegEnv,그리워하다
Y에게 가까이 다가간다,PosEnv,존경하다
Y에게 가까이 다가간다,PosEnv,친밀감을 느끼다
Y에게 가까이 다가간다,NegEnv,의심하다
Y에게 스스럼없이 다가간다,PosEnv,좋아하다
Y에게 스스럼없이 다가간다,PosEnv,신뢰하다
Y에게 머뭇거리며 다가선다,PosEnv,수줍다
Y에게 머뭇거리며 다가선다,NegEnv,걱정하다
Y에게 머뭇거리며 다가선다,NegEnv,불안하다
Y에게 한 발짝 다가선다,PosEnv,좋아하다
Y에게 한 발짝 다가선다,PosEnv,친밀감을 느끼다
Y에게 한 발짝 다가선다,NegEnv,분노하다
Y에게 한 발짝 다가선다,NegEnv,화나다
Y에게 바짝 다가선다,PosEnv,확신에 차다
Y에게 바짝 다가선다,PosEnv,좋아하다
Y에게 바짝 다가선다,NegEnv,분노하다
Y에게 가까이 다가선다,PosEnv,친밀감을 느끼다
Y에게 가까이 다가선다,NegEnv,분노하다
구부정한 자세로 다닌다,NegEnv,불안하다
구부정한 자세로 다닌다,NegEnv,걱정하다
구부정한 자세로 다닌다,NegEnv,낙담하다
목을 앞으로 쭉 빼고 다닌다,PosEnv,기대하다
목을 앞으로 쭉 빼고 다닌다,NegEnv,불안하다
발을 질질 끌고 다닌다,NegEnv,우울하다
발을 질질 끌고 다닌다,NegEnv,실망하다
발을 질질 끌고 다닌다,NegEnv,충격받다
소리 죽여 걸어 다닌다,PosEnv,부끄럽다
소리 죽여 걸어 다닌다,NegEnv,우울하다
소리 죽여 걸어 다닌다,NegEnv,수치스럽다
소리 죽여 걸어 다닌다,NegEnv,두렵다
손을 주머니에 찔러 넣고 다닌다,PosEnv,확신에 차다
손을 주머니에 찔러 넣고 다닌다,NegEnv,불안하다
시선을 내리깔고 다닌다,NegEnv,우울하다
시선을 내리깔고 다닌다,NegEnv,초라하다
시선을 내리깔고 다닌다,NegEnv,불안하다
어깨를 부딪치며 다닌다,PosEnv,신나다
어깨를 부딪치며 다닌다,PosEnv,흥분하다
어깨를 부딪치며 다닌다,NegEnv,분노하다
자리를 옮긴다,NegEnv,걱정하다
자리를 옮긴다,NegEnv,불안하다
주먹을 쥐고 다닌다,NegEnv,분노하다
쾅쾅거리며 발을 구른다,PosEnv,흥분하다
쾅쾅거리며 발을 구른다,NegEnv,분노하다
쾅쾅거리며 발을 구른다,NegEnv,짜증나다
Y에서 떨어져서 다닌다,PosEnv,수줍다
Y에서 떨어져서 다닌다,NegEnv,의심하다
Y에서 떨어져서 다닌다,NegEnv,화나다
Y에서 떨어져서 다닌다,NegEnv,피로하다
Y를 거칠게 다룬다,NegEnv,분노하다
Y를 거칠게 다룬다,NegEnv,화나다
Y를 거칠게 다룬다,NegEnv,불안하다
어금니를 꽉 다문다,NegEnv,분노하다
어금니를 꽉 다문다,NegEnv,증오하다
입을 굳게 다문다,NegEnv,충격받다
휴지로 눈가를 닦는다,PosEnv,감동받다
휴지로 눈가를 닦는다,NegEnv,슬프다
휴지로 코를 닦는다,PosEnv,감동받다
휴지로 코를 닦는다,NegEnv,슬프다
Y를 닦달한다,NegEnv,분노하다
Y를 닦달한다,NegEnv,불편하다
Y를 닦달한다,NegEnv,불안하다
목소리가 단조롭다,PosEnv,편안하다
목소리가 단조롭다,NegEnv,우울하다
목소리가 단조롭다,NegEnv,절망하다
목소리가 단조롭다,NegEnv,체념하다
문을 세게 닫는다,NegEnv,울분을 느끼다
문을 세게 닫는다,NegEnv,분개하다
문을 쾅 닫는다,NegEnv,분노하다
문을 쾅 닫는다,NegEnv,화나다
입을 열었다 닫는다,PosEnv,부끄럽다
입을 열었다 닫는다,NegEnv,불신하다
입을 열었다 닫는다,NegEnv,의심하다
말문을 닫아버린다,PosEnv,부끄럽다
말문을 닫아버린다,NegEnv,불신하다
말문을 닫아버린다,NegEnv,좌절하다
말문을 닫아버린다,NegEnv,체념하다
말문이 닫힌다,PosEnv,놀라다
말문이 닫힌다,NegEnv,경악하다
Y를 어르고 달랜다,PosEnv,친밀감을 느끼다
Y를 어르고 달랜다,NegEnv,걱정하다
Y의 품에 안기려 달려든다,PosEnv,즐겁다
Y의 품에 안기려 달려든다,PosEnv,신나다
Y의 품에 안기려 달려든다,PosEnv,행복하다
Y의 품에 안기려 달려든다,NegEnv,두렵다
Y를 향해 달려든다,PosEnv,신나다
Y를 향해 달려든다,PosEnv,흥분하다
Y를 향해 달려든다,NegEnv,분노하다
Y를 향해 달려든다,NegEnv,증오하다
Y에게 달려든다,PosEnv,즐겁다
Y에게 달려든다,PosEnv,흥분하다
Y에게 달려든다,NegEnv,증오하다
입술만 달싹거린다,PosEnv,부끄럽다
입술만 달싹거린다,NegEnv,불안하다
입을 달싹거린다,PosEnv,부끄럽다
입을 달싹거린다,NegEnv,걱정하다
입을 달싹거린다,NegEnv,불안하다
Y에게서 달아난다,NegEnv,겁에 질리다
Y에게서 달아난다,NegEnv,두렵다
귀가 빨갛게 달아오른다,PosEnv,흥분하다
귀가 빨갛게 달아오른다,NegEnv,분노하다
귀가 빨갛게 달아오른다,NegEnv,창피하다
귀가 빨갛게 달아오른다,NegEnv,당황하다
목이 붉게 달아오른다,PosEnv,쑥스럽다
목이 붉게 달아오른다,PosEnv,희열을 느끼다
목이 붉게 달아오른다,NegEnv,부끄럽다
목이 붉게 달아오른다,NegEnv,증오하다
목이 붉게 달아오른다,NegEnv,수치스럽다
얼굴이 달아오른다,PosEnv,쑥스럽다
얼굴이 달아오른다,PosEnv,수줍다
얼굴이 달아오른다,NegEnv,시기하다
얼굴이 발갛게 달아오른다,PosEnv,좋아하다
얼굴이 발갛게 달아오른다,PosEnv,수줍다
얼굴이 발갛게 달아오른다,NegEnv,당황하다
얼굴이 붉게 달아오른다,PosEnv,좋아하다
얼굴이 붉게 달아오른다,PosEnv,수줍다
얼굴이 붉게 달아오른다,NegEnv,창피하다
얼굴이 시뻘겋게 달아오른다,PosEnv,쑥스럽다
얼굴이 시뻘겋게 달아오른다,NegEnv,분노하다
얼굴이 시뻘겋게 달아오른다,NegEnv,수치스럽다
얼굴이 시뻘겋게 달아오른다,NegEnv,화나다
코가 빨갛게 달아오른다,NegEnv,슬프다
코가 빨갛게 달아오른다,NegEnv,그리워하다
피부가 벌겋게 달아오른다,PosEnv,쑥스럽다
피부가 벌겋게 달아오른다,PosEnv,흥분하다
피부가 벌겋게 달아오른다,NegEnv,분노하다
피부가 벌겋게 달아오른다,NegEnv,당황하다
피부가 붉게 달아오른다,PosEnv,욕정을 느끼다
피부가 붉게 달아오른다,NegEnv,창피하다
피부가 붉게 달아오른다,NegEnv,부끄럽다
피부가 붉게 달아오른다,NegEnv,수치스럽다
Y의 말에 귀 담아듣는다,PosEnv,좋아하다
Y의 말에 귀 담아듣는다,PosEnv,경외심이 들다
Y의 말에 귀 담아듣는다,NegEnv,긴장하다
고갯짓으로 답한다,PosEnv,수줍다
고갯짓으로 답한다,NegEnv,우울하다
스스럼없이 답한다,PosEnv,평안하다
스스럼없이 답한다,PosEnv,친밀감을 느끼다
스스럼없이 답한다,PosEnv,안정을 찾다
스스럼없이 답한다,NegEnv,결연하다
신속하고 확고하게 답한다,PosEnv,확신에 차다
신속하고 확고하게 답한다,NegEnv,결연하다
묵묵부답으로 대응한다,NegEnv,혐오하다
묵묵부답으로 대응한다,NegEnv,경멸하다
Y를 공격적으로 대한다,NegEnv,분개하다
Y를 공격적으로 대한다,NegEnv,경멸하다
Y를 조심스럽게 대한다,PosEnv,존경하다
Y를 조심스럽게 대한다,NegEnv,동정하다
Y를 조심스럽게 대한다,NegEnv,두렵다
Y를 조심스럽게 대한다,NegEnv,걱정하다
검지손가락을 입가에 가져다 댄다,PosEnv,즐겁다
검지손가락을 입가에 가져다 댄다,NegEnv,두렵다
손을 가슴에 가져다 댄다,PosEnv,감동받다
손을 가슴에 가져다 댄다,PosEnv,놀라다
손을 가슴에 가져다 댄다,PosEnv,고맙다
손을 가슴에 가져다 댄다,NegEnv,답답하다
손을 심장에 가져다 댄다,PosEnv,감동받다
손을 심장에 가져다 댄다,NegEnv,상처받다
손을 심장에 가져다 댄다,NegEnv,외롭다
손을 Y의 등에 댄다,PosEnv,좋아하다
손을 Y의 등에 댄다,PosEnv,호기심이 생기다
손을 Y의 등에 댄다,NegEnv,동정하다
Y에게 머리를 댄다,PosEnv,좋아하다
Y에게 머리를 댄다,PosEnv,안정을 찾다
Y에게 머리를 댄다,NegEnv,절망하다
Y에게 머리를 댄다,NegEnv,좌절하다
말을 더듬거린다,PosEnv,쑥스럽다
말을 더듬거린다,PosEnv,긴장하다
말을 더듬거린다,PosEnv,흥분하다
말을 더듬거린다,NegEnv,겁에 질리다
말을 더듬거린다,NegEnv,긴장하다
말을 더듬거린다,NegEnv,당황하다
손으로 자신의 입술을 자주 더듬거린다,PosEnv,욕망하다
손으로 자신의 입술을 자주 더듬거린다,NegEnv,불안하다
얼굴을 더듬거린다,NegEnv,혼란스럽다
얼굴을 더듬거린다,NegEnv,불안하다
손으로 옷깃을 더듬는다,PosEnv,욕정을 느끼다
손으로 옷깃을 더듬는다,NegEnv,답답하다
농담을 던진다,PosEnv,즐겁다
농담을 던진다,PosEnv,편안하다
농담을 던진다,NegEnv,무시하다
모자를 휙 벗어 던진다,PosEnv,흥분하다
모자를 휙 벗어 던진다,NegEnv,당황하다
소파에 몸을 던진다,PosEnv,평안하다
소파에 몸을 던진다,NegEnv,좌절하다
옷을 거칠게 벗어 던진다,PosEnv,욕정을 느끼다
옷을 거칠게 벗어 던진다,NegEnv,짜증나다
옷을 거칠게 벗어 던진다,NegEnv,화나다
옷을 거칠게 벗어 던진다,NegEnv,분개하다
의자를 집어 던진다,NegEnv,분노하다
침대에 몸을 던진다,PosEnv,평안하다
침대에 몸을 던진다,NegEnv,실망하다
침대에 몸을 던진다,NegEnv,좌절하다
물건을 집어 던진다,PosEnv,흥분하다
물건을 집어 던진다,NegEnv,분노하다
물건을 집어 던진다,NegEnv,짜증나다
도리질한다,NegEnv,불편하다
빙글빙글 돈다,PosEnv,신나다
빙글빙글 돈다,NegEnv,고민하다
목덜미와 팔에 소름이 돋는다,NegEnv,두렵다
눈을 돌린다,PosEnv,수줍다
눈을 돌린다,NegEnv,끔찍하다
눈을 돌린다,NegEnv,소름이 끼치다
눈을 돌린다,NegEnv,혐오하다
등을 돌린다,NegEnv,삐지다
등을 돌린다,NegEnv,실망하다
말을 돌린다,PosEnv,쑥스럽다
말을 돌린다,NegEnv,싫어하다
말을 돌린다,NegEnv,무시하다
말을 빙빙 돌린다,PosEnv,부끄럽다
말을 빙빙 돌린다,PosEnv,긴장하다
말을 빙빙 돌린다,PosEnv,쑥스럽다
말을 빙빙 돌린다,NegEnv,긴장하다
말을 빙빙 돌린다,NegEnv,주저하다
말을 빙빙 돌린다,NegEnv,당황하다
머리를 다른 쪽으로 돌린다,PosEnv,쑥스럽다
머리를 다른 쪽으로 돌린다,NegEnv,무시하다
머리를 다른 쪽으로 돌린다,NegEnv,혐오하다
머리를 다른 쪽으로 돌린다,NegEnv,경악하다
머리를 돌린다,NegEnv,짜증나다
머리를 돌린다,NegEnv,실망하다
물건을 빙빙 돌린다,PosEnv,신나다
물건을 빙빙 돌린다,NegEnv,심드렁하다
물건을 빙빙 돌린다,NegEnv,초조하다
물건을 빙빙 돌린다,NegEnv,불안하다
발길을 돌린다,PosEnv,만족하다
발길을 돌린다,PosEnv,감동받다
발길을 돌린다,NegEnv,화나다
발길을 돌린다,NegEnv,실망하다
발길을 돌린다,NegEnv,쓸쓸하다
시선을 다른 쪽으로 돌린다,PosEnv,쑥스럽다
시선을 다른 쪽으로 돌린다,NegEnv,혐오하다
시선을 다른 쪽으로 돌린다,NegEnv,경악하다
어깨를 돌린다,PosEnv,안심하다
어깨를 돌린다,NegEnv,불편하다
주의를 돌린다,PosEnv,쑥스럽다
주의를 돌린다,NegEnv,초조하다
주의를 돌린다,NegEnv,불안하다
주의를 돌린다,NegEnv,당황하다
화제를 돌린다,NegEnv,심드렁하다
어정어정 돌아다닌다,PosEnv,만족하다
어정어정 돌아다닌다,NegEnv,초조하다
주위를 계속 돌아다닌다,PosEnv,신나다
주위를 계속 돌아다닌다,PosEnv,기대하다
주위를 계속 돌아다닌다,PosEnv,흥분하다
주위를 계속 돌아다닌다,NegEnv,초조하다
주위를 계속 돌아다닌다,NegEnv,불안하다
힘 없이 돌아다닌다,NegEnv,슬프다
힘 없이 돌아다닌다,NegEnv,절망하다
힘 없이 돌아다닌다,NegEnv,체념하다
뒤를 돌아본다,PosEnv,놀라다
뒤를 돌아본다,NegEnv,긴장하다
돌아선다,NegEnv,상처받다
돌아선다,NegEnv,체념하다
등지고 돌아선다,NegEnv,심드렁하다
차갑게 돌아선다,NegEnv,분노하다
차갑게 돌아선다,NegEnv,화나다
홱 돌아선다,PosEnv,놀라다
홱 돌아선다,NegEnv,분노하다
홱 돌아선다,NegEnv,당황하다
적극 동의한다,PosEnv,좋아하다
적극 동의한다,PosEnv,존경하다
적극 동의한다,PosEnv,경외심이 들다
적극 동의한다,NegEnv,두렵다
Y의 말을 되묻는다,PosEnv,호기심이 생기다
Y의 말을 되묻는다,NegEnv,경멸하다
확실하냐고 되묻는다,PosEnv,희망을 품다
확실하냐고 되묻는다,NegEnv,의심하다
확실하냐고 되묻는다,NegEnv,불안하다
말을 되풀이한다,NegEnv,불안하다
말을 되풀이한다,NegEnv,당황하다
자꾸 발을 헛디디게 된다,NegEnv,우울하다
Y를 두둔한다,PosEnv,유대감을 느끼다
Y를 두둔한다,NegEnv,슬프다
Y를 두둔한다,NegEnv,걱정하다
Y를 두둔한다,NegEnv,동정하다
머리를 두드려댄다,NegEnv,고민하다
Y의 어깨를 두드려준다,PosEnv,좋아하다
Y의 어깨를 두드려준다,NegEnv,동정하다
손가락 끝으로 톡톡 두드린다,PosEnv,신나다
손가락 끝으로 톡톡 두드린다,NegEnv,초조하다
손가락 끝으로 톡톡 두드린다,NegEnv,불안하다
손바닥으로 자신의 뺨을 두드린다,PosEnv,희망을 품다
손바닥으로 자신의 뺨을 두드린다,NegEnv,고민하다
벽을 힘껏 두드린다,PosEnv,흥분하다
벽을 힘껏 두드린다,NegEnv,불안하다
주먹으로 다리를 두들긴다,NegEnv,짜증나다
허벅지를 주먹으로 두드린다,NegEnv,초조하다
주위를 두리번거린다,NegEnv,혼란스럽다
주위를 두리번거린다,NegEnv,걱정하다
주위를 두리번거린다,NegEnv,긴장하다
Y와 거리를 둔다,PosEnv,쑥스럽다
Y와 거리를 둔다,NegEnv,두렵다
Y와 거리를 둔다,NegEnv,혐오하다
찬찬히 둘러본다,PosEnv,평안하다
찬찬히 둘러본다,PosEnv,안정을 찾다
찬찬히 둘러본다,PosEnv,긴장하다
찬찬히 둘러본다,NegEnv,의심하다
찬찬히 둘러본다,NegEnv,긴장하다
찬찬히 둘러본다,NegEnv,경계하다
여기저기 둘러본다,PosEnv,만족하다
여기저기 둘러본다,NegEnv,의심하다
여기저기 둘러본다,NegEnv,경계하다
뒤돌아선다,PosEnv,놀라다
뒤돌아선다,NegEnv,부끄럽다
뒤돌아선다,NegEnv,수치스럽다
물건을 뒤적거린다,NegEnv,의심하다
물건을 뒤적거린다,NegEnv,걱정하다
물건을 뒤적거린다,NegEnv,불안하다
물건을 자꾸 뒤진다,NegEnv,의심하다
물건을 자꾸 뒤진다,NegEnv,혼란스럽다
계속 뒤척인다,PosEnv,설레다
계속 뒤척인다,PosEnv,흥분하다
계속 뒤척인다,NegEnv,두렵다
계속 뒤척인다,NegEnv,걱정하다
계속 뒤척인다,NegEnv,불안하다
팔을 뒤튼다,NegEnv,반항하다
팔을 뒤튼다,NegEnv,불편하다
몸이 뒤틀린다,PosEnv,희열을 느끼다
몸이 뒤틀린다,NegEnv,역겨워하다
뒷걸음질친다,PosEnv,놀라다
뒷걸음질친다,NegEnv,끔찍하다
뒷걸음질친다,NegEnv,소름이 끼치다
뒷걸음질친다,NegEnv,충격받다
잔디밭에서 뒹군다,PosEnv,행복하다
잔디밭에서 뒹군다,PosEnv,유쾌하다
잔디밭에서 뒹군다,PosEnv,평안하다
눈의 흰자가 드러난다,PosEnv,희열을 느끼다
눈의 흰자가 드러난다,NegEnv,분개하다
눈의 흰자가 드러난다,NegEnv,울분을 느끼다
눈의 흰자가 드러난다,NegEnv,억울하다
하얀 치아를 드러낸다,PosEnv,즐겁다
하얀 치아를 드러낸다,PosEnv,자부심을 느끼다
하얀 치아를 드러낸다,NegEnv,분노하다
흰자위를 드러낸다,PosEnv,흥분하다
흰자위를 드러낸다,NegEnv,분노하다
고개를 꼿꼿이 든다,PosEnv,자신감이 있다
고개를 꼿꼿이 든다,NegEnv,반항하다
닥치는 대로 물건을 집어든다,NegEnv,분노하다
닥치는 대로 물건을 집어든다,NegEnv,분개하다
눈시울을 감추려 든다,NegEnv,창피하다
눈시울을 감추려 든다,NegEnv,좌절하다
얕게 잠이 든다,NegEnv,불편하다
얕게 잠이 든다,NegEnv,불안하다
흉기를 꺼내든다,PosEnv,흥분하다
흉기를 꺼내든다,NegEnv,분노하다
흉기를 꺼내든다,NegEnv,화나다
고개를 든다,PosEnv,확신에 차다
고개를 든다,NegEnv,반항하다
싸우려 들려한다,PosEnv,흥분하다
싸우려 들려한다,NegEnv,분노하다
가슴을 들썩거린다,PosEnv,유쾌하다
가슴을 들썩거린다,PosEnv,신나다
가슴을 들썩거린다,NegEnv,분노하다
가슴을 들썩거린다,NegEnv,분개하다
무릎을 들썩거린다,PosEnv,즐겁다
무릎을 들썩거린다,PosEnv,신나다
무릎을 들썩거린다,NegEnv,불안하다
발을 들썩거린다,PosEnv,즐겁다
발을 들썩거린다,PosEnv,행복하다
발을 들썩거린다,NegEnv,불안하다
앉은 자세에서 들썩거린다,PosEnv,신나다
앉은 자세에서 들썩거린다,PosEnv,기대하다
앉은 자세에서 들썩거린다,PosEnv,재미있다
앉은 자세에서 들썩거린다,NegEnv,화나다
어깨를 들썩거린다,PosEnv,즐겁다
어깨를 들썩거린다,PosEnv,신나다
어깨를 들썩거린다,NegEnv,슬프다
몸을 크게 들썩인다,PosEnv,즐겁다
몸을 크게 들썩인다,PosEnv,신나다
몸을 크게 들썩인다,NegEnv,분노하다
몸을 크게 들썩인다,NegEnv,초조하다
몸을 크게 들썩인다,NegEnv,불편하다
Y의 약점을 찾아 들쑤신다,PosEnv,고소해하다
Y의 약점을 찾아 들쑤신다,NegEnv,질투하다
Y의 약점을 찾아 들쑤신다,NegEnv,시기하다
목소리가 기어 들어간다,PosEnv,긴장하다
목소리가 기어 들어간다,NegEnv,우울하다
목소리가 기어 들어간다,NegEnv,두렵다
목소리가 기어 들어간다,NegEnv,긴장하다
목소리에 힘이 들어간다,PosEnv,확신에 차다
목소리에 힘이 들어간다,PosEnv,자부심을 느끼다
목소리에 힘이 들어간다,NegEnv,화나다
목소리에 힘이 들어간다,NegEnv,불편하다
목소리에 힘이 들어간다,NegEnv,긴장하다
Y를 높이 들어올린다,PosEnv,신나다
Y를 높이 들어올린다,PosEnv,기쁘다
Y를 높이 들어올린다,PosEnv,흥분하다
손바닥을 들여다본다,NegEnv,주저하다
손바닥을 들여다본다,NegEnv,초조하다
얼굴을 들이민다,PosEnv,재미있다
얼굴을 들이민다,NegEnv,열받다
물을 벌컥벌컥 들이킨다,NegEnv,두렵다
입만 달싹거리면서 뜸을 들인다,NegEnv,주저하다
곧 눈물이 떨어질 듯하다,NegEnv,슬프다
곧 눈물이 떨어질 듯하다,NegEnv,상처받다
곧 눈물이 떨어질 듯하다,NegEnv,절망하다
Y를 따라한다,PosEnv,좋아하다
Y를 따라한다,PosEnv,존경하다
Y를 따라한다,PosEnv,신나다
Y를 따라한다,NegEnv,무시하다
몸이 딱딱해진다,PosEnv,긴장하다
몸이 딱딱해진다,NegEnv,분노하다
몸이 딱딱해진다,NegEnv,긴장하다
몸이 딱딱해진다,NegEnv,당황하다
턱이 딱딱해진다,NegEnv,분노하다
Y를 때린다,PosEnv,신나다
Y를 때린다,NegEnv,분노하다
자신의 뺨을 때린다,PosEnv,희망을 품다
자신의 뺨을 때린다,NegEnv,혼란스럽다
주먹으로 벽을 때린다,NegEnv,분노하다
주먹으로 벽을 때린다,NegEnv,화나다
왁자지껄하게 떠든다,PosEnv,신나다
왁자지껄하게 떠든다,PosEnv,재미있다
왁자지껄하게 떠든다,NegEnv,혼란스럽다
큰 소리로 떠들어댄다,PosEnv,긴장하다
큰 소리로 떠들어댄다,PosEnv,신나다
큰 소리로 떠들어댄다,PosEnv,흥분하다
큰 소리로 떠들어댄다,NegEnv,긴장하다
다리를 떤다,PosEnv,간절하다
다리를 떤다,PosEnv,긴장하다
다리를 떤다,NegEnv,걱정하다
다리를 떤다,NegEnv,초조하다
다리를 떤다,NegEnv,긴장하다
몸을 덜덜 떤다,PosEnv,흥분하다
몸을 덜덜 떤다,NegEnv,분노하다
몸을 덜덜 떤다,NegEnv,부끄럽다
몸을 덜덜 떤다,NegEnv,겁에 질리다
몸을 벌벌 떤다,PosEnv,도취되다
몸을 벌벌 떤다,NegEnv,겁에 질리다
몸을 벌벌 떤다,NegEnv,혐오하다
몸을 벌벌 떤다,NegEnv,경악하다
발을 달달 떤다,PosEnv,긴장하다
발을 달달 떤다,PosEnv,흥분하다
발을 달달 떤다,NegEnv,불편하다
발을 달달 떤다,NegEnv,불안하다
발을 달달 떤다,NegEnv,긴장하다
손을 부르르 떤다,NegEnv,분노하다
손을 부르르 떤다,NegEnv,화나다
야단을 떤다,PosEnv,희망을 품다
야단을 떤다,PosEnv,기쁘다
야단을 떤다,PosEnv,기대하다
야단을 떤다,NegEnv,열받다
온몸을 덜덜 떤다,NegEnv,울분을 느끼다
온몸을 덜덜 떤다,NegEnv,충격받다
입술을 파르르 떤다,NegEnv,불안하다
주먹을 부르르 떤다,NegEnv,울분을 느끼다
주먹을 부르르 떤다,NegEnv,분개하다
머리를 떨군다,PosEnv,쑥스럽다
머리를 떨군다,NegEnv,위축되다
머리를 떨군다,NegEnv,상처받다
힘없이 고개를 떨군다,NegEnv,슬프다
힘없이 고개를 떨군다,NegEnv,좌절하다
힘없이 고개를 떨군다,NegEnv,체념하다
눈 주변이 떨린다,PosEnv,흥분하다
눈 주변이 떨린다,NegEnv,두렵다
눈 주변이 떨린다,NegEnv,불안하다
눈동자가 떨린다,NegEnv,혼란스럽다
눈동자가 떨린다,NegEnv,초조하다
눈동자가 떨린다,NegEnv,충격받다
두 손이 살짝 떨린다,PosEnv,감동받다
두 손이 살짝 떨린다,PosEnv,긴장하다
두 손이 살짝 떨린다,PosEnv,흥분하다
두 손이 살짝 떨린다,NegEnv,두렵다
두 손이 살짝 떨린다,NegEnv,초조하다
두 손이 살짝 떨린다,NegEnv,긴장하다
목소리가 떨린다,NegEnv,분노하다
목소리가 떨린다,NegEnv,겁에 질리다
목소리가 떨린다,NegEnv,좌절하다
손가락이 파르르 떨린다,PosEnv,놀라다
손가락이 파르르 떨린다,PosEnv,긴장하다
손가락이 파르르 떨린다,NegEnv,경악하다
손가락이 파르르 떨린다,NegEnv,긴장하다
손이 떨린다,PosEnv,감동받다
손이 떨린다,PosEnv,긴장하다
손이 떨린다,PosEnv,경외심이 들다
손이 떨린다,NegEnv,슬프다
손이 떨린다,NegEnv,두렵다
손이 떨린다,NegEnv,긴장하다
입이 파르르 떨린다,PosEnv,쑥스럽다
입이 파르르 떨린다,PosEnv,수줍다
입이 파르르 떨린다,NegEnv,슬프다
전신이 떨린다,PosEnv,긴장하다
전신이 떨린다,PosEnv,희열을 느끼다
전신이 떨린다,PosEnv,흥분하다
전신이 떨린다,NegEnv,겁에 질리다
전신이 떨린다,NegEnv,긴장하다
전신이 떨린다,NegEnv,충격받다
주먹이 부르르 떨린다,NegEnv,분노하다
주먹이 부르르 떨린다,NegEnv,증오하다
턱이 덜덜 떨린다,PosEnv,흥분하다
턱이 덜덜 떨린다,NegEnv,두렵다
턱이 덜덜 떨린다,NegEnv,당황하다
턱이 부들부들 떨린다,NegEnv,분노하다
턱이 부들부들 떨린다,NegEnv,분개하다
호흡이 떨린다,PosEnv,놀라다
호흡이 떨린다,PosEnv,경외심이 들다
호흡이 떨린다,NegEnv,울분을 느끼다
호흡이 떨린다,NegEnv,충격받다
목소리가 가늘게 떨린다,PosEnv,감동받다
목소리가 가늘게 떨린다,PosEnv,놀라다
목소리가 가늘게 떨린다,PosEnv,고맙다
목소리가 가늘게 떨린다,NegEnv,슬프다
목소리가 가늘게 떨린다,NegEnv,자책하다
목소리가 가늘게 떨린다,NegEnv,충격받다
고개를 떨어뜨린다,NegEnv,절망하다
고개를 떨어뜨린다,NegEnv,자책하다
고개를 떨어뜨린다,NegEnv,체념하다
손을 올렸다 힘없이 떨어뜨린다,NegEnv,유감스럽다
손을 올렸다 힘없이 떨어뜨린다,NegEnv,애석하다
주의력이 떨어진다,PosEnv,신나다
주의력이 떨어진다,PosEnv,흥분하다
주의력이 떨어진다,NegEnv,초조하다
주의력이 떨어진다,NegEnv,불안하다
팔짝팔짝 뛰어다닌다,PosEnv,즐겁다
팔짝팔짝 뛰어다닌다,PosEnv,신나다
팔짝팔짝 뛰어다닌다,PosEnv,흥분하다
팔짝팔짝 뛰어다닌다,NegEnv,겁에 질리다
펄쩍 뛰어오른다,PosEnv,신나다
펄쩍 뛰어오른다,PosEnv,놀라다
펄쩍 뛰어오른다,NegEnv,억울하다
펄쩍 뛰어오른다,NegEnv,충격받다
뛰쳐나간다,PosEnv,즐겁다
뛰쳐나간다,PosEnv,신나다
뛰쳐나간다,PosEnv,흥분하다
뛰쳐나간다,NegEnv,울분을 느끼다
뛰쳐나간다,NegEnv,분개하다
숨어 있다가 후다닥 뛰쳐나온다,PosEnv,안도하다
숨어 있다가 후다닥 뛰쳐나온다,NegEnv,겁에 질리다
눈을 가늘게 뜬다,PosEnv,부러워하다
눈을 가늘게 뜬다,NegEnv,의심하다
눈을 부릅 뜬다,PosEnv,자신감에 차다
눈을 부릅 뜬다,NegEnv,짜증나다
눈을 부릅 뜬다,NegEnv,화나다
실눈을 뜬다,NegEnv,분노하다
실눈을 뜬다,NegEnv,의심하다
실눈을 뜬다,NegEnv,혐오하다
황급히 자리를 뜬다,NegEnv,분노하다
황급히 자리를 뜬다,NegEnv,당황하다
만면에 미소를 띤다,PosEnv,행복하다
만면에 미소를 띤다,PosEnv,편안하다
만면에 미소를 띤다,PosEnv,안심하다
얼굴에 가벼운 홍조를 띤다,PosEnv,쑥스럽다
얼굴에 가벼운 홍조를 띤다,PosEnv,설레다
얼굴에 가벼운 홍조를 띤다,NegEnv,부끄럽다
얼굴에 가벼운 홍조를 띤다,NegEnv,당황하다
입술이 바짝 마른다,PosEnv,기대하다
입술이 바짝 마른다,PosEnv,긴장하다
입술이 바짝 마른다,NegEnv,불안하다
입술이 바짝 마른다,NegEnv,긴장하다
술을 마신다,PosEnv,즐겁다
술을 마신다,PosEnv,신나다
술을 마신다,PosEnv,재미있다
술을 마신다,NegEnv,슬프다
술을 마신다,NegEnv,절망하다
술을 마신다,NegEnv,불쾌하다
사람들과 어울려 술을 마신다,PosEnv,즐겁다
사람들과 어울려 술을 마신다,PosEnv,신나다
Y를 똑바로 마주한다,PosEnv,자신감에 차다
Y를 똑바로 마주한다,NegEnv,저항하다
Y를 똑바로 마주한다,NegEnv,화나다
귀를 막는다,NegEnv,불신하다
손바닥으로 입을 막는다,PosEnv,놀라다
손바닥으로 입을 막는다,NegEnv,경악하다
손바닥으로 입을 막는다,NegEnv,충격받다
옷깃으로 코와 입을 막는다,NegEnv,역겨워하다
옷깃으로 코와 입을 막는다,NegEnv,혐오하다
코를 막는다,NegEnv,혐오하다
코를 막는다,NegEnv,경멸하다
말문이 막힌다,PosEnv,감동받다
말문이 막힌다,PosEnv,경외심이 들다
말문이 막힌다,NegEnv,충격받다
말문이 막힌다,NegEnv,체념하다
숨이 턱 막힌다,NegEnv,충격받다
숨이 턱 막힌다,NegEnv,당황하다
등을 둥그렇게 만다,NegEnv,위축되다
등을 둥그렇게 만다,NegEnv,외롭다
미소를 살짝 짓다 만다,NegEnv,낙담하다
입술을 동그랗게 만다,PosEnv,욕정을 느끼다
입술을 동그랗게 만다,NegEnv,지루하다
Y에게 잠깐 미소를 지어 보이고 만다,PosEnv,쑥스럽다
Y에게 잠깐 미소를 지어 보이고 만다,NegEnv,혐오하다
Y에게 잠깐 미소를 지어 보이고 만다,NegEnv,주저하다
오케이 사인을 만들어보인다,PosEnv,평안하다
오케이 사인을 만들어보인다,PosEnv,안정을 찾다
오케이 사인을 만들어보인다,PosEnv,누그러지다
오케이 사인을 만들어보인다,NegEnv,심드렁하다
Y를 오래 만져본다,PosEnv,좋아하다
Y를 오래 만져본다,PosEnv,욕정을 느끼다
Y를 오래 만져본다,NegEnv,의심하다
귀를 만지작거린다,PosEnv,평안하다
귀를 만지작거린다,PosEnv,안정을 찾다
귀를 만지작거린다,NegEnv,주저하다
목젖을 만지작거린다,PosEnv,부러워하다
목젖을 만지작거린다,NegEnv,불안하다
물건을 만지작거린다,PosEnv,쑥스럽다
물건을 만지작거린다,PosEnv,긴장하다
물건을 만지작거린다,NegEnv,의심하다
물건을 만지작거린다,NegEnv,불안하다
얼굴을 만지작거린다,PosEnv,쑥스럽다
얼굴을 만지작거린다,PosEnv,긴장하다
얼굴을 만지작거린다,NegEnv,초조하다
얼굴을 만지작거린다,NegEnv,불안하다
얼굴을 만지작거린다,NegEnv,긴장하다
소매를 만지작거린다,NegEnv,우울하다
소매를 만지작거린다,NegEnv,초라하다
손을 만지작거린다,PosEnv,좋아하다
손을 만지작거린다,NegEnv,우울하다
자신의 턱을 만지작거린다,PosEnv,평안하다
자신의 턱을 만지작거린다,NegEnv,고민하다
Y를 만지작거린다,NegEnv,위축되다
Y를 만지작거린다,NegEnv,초조하다
괜시리 옷자락을 만진다,PosEnv,좋아하다
괜시리 옷자락을 만진다,PosEnv,쑥스럽다
괜시리 옷자락을 만진다,PosEnv,부러워하다
괜시리 옷자락을 만진다,NegEnv,수치스럽다
괜시리 옷자락을 만진다,NegEnv,초조하다
손가락으로 벌어진 입술을 만진다,PosEnv,욕정을 느끼다
손가락으로 벌어진 입술을 만진다,NegEnv,불안하다
말이 많아진다,PosEnv,신나다
말이 많아진다,NegEnv,조급하다
말이 많아진다,NegEnv,당황하다
주먹을 말아쥔다,NegEnv,화나다
날카롭게 말하다,NegEnv,화나다
날카롭게 말하다,NegEnv,짜증나다
날카롭게 말하다,NegEnv,조급하다
평소보다 어눌하게 말하다,NegEnv,불안하다
가까스로 말한다,NegEnv,절망하다
갈라진 목소리로 말한다,PosEnv,감동받다
갈라진 목소리로 말한다,PosEnv,흥분하다
갈라진 목소리로 말한다,NegEnv,자책하다
갈라진 목소리로 말한다,NegEnv,그리워하다
갈라진 목소리로 말한다,NegEnv,충격받다
나지막하게 말한다,PosEnv,좋아하다
나지막하게 말한다,PosEnv,평안하다
나지막하게 말한다,NegEnv,위축되다
나지막하게 말한다,NegEnv,초라하다
나지막하게 말한다,NegEnv,두렵다
돌려 말한다,PosEnv,쑥스럽다
돌려 말한다,NegEnv,싫어하다
돌려 말한다,NegEnv,무시하다
떨리는 목소리로 말한다,PosEnv,감동받다
떨리는 목소리로 말한다,PosEnv,기쁘다
떨리는 목소리로 말한다,PosEnv,놀라다
떨리는 목소리로 말한다,NegEnv,겁에 질리다
떨리는 목소리로 말한다,NegEnv,절박하다
떨리는 목소리로 말한다,NegEnv,충격받다
또박또박하게 말한다,PosEnv,확신에 차다
또박또박하게 말한다,NegEnv,분노하다
또박또박하게 말한다,NegEnv,화나다
밝은 어조로 말한다,PosEnv,즐겁다
밝은 어조로 말한다,PosEnv,안정을 찾다
밝은 어조로 말한다,PosEnv,누그러지다
밝은 어조로 말한다,NegEnv,체념하다
부자연스럽게 말한다,PosEnv,쑥스럽다
부자연스럽게 말한다,NegEnv,분노하다
부자연스럽게 말한다,NegEnv,당황하다
돌직구로 말한다,PosEnv,확신에 차다
돌직구로 말한다,PosEnv,신뢰하다
돌직구로 말한다,NegEnv,반항하다
돌직구로 말한다,NegEnv,체념하다
빠른 어투로 말한다,PosEnv,신나다
빠른 어투로 말한다,NegEnv,짜증나다
빠른 어투로 말한다,NegEnv,분개하다
신랄한 말투로 말한다,NegEnv,무시하다
신랄한 말투로 말한다,NegEnv,혐오하다
신랄한 말투로 말한다,NegEnv,분개하다
에두르지 않고 바로 말한다,PosEnv,확신에 차다
에두르지 않고 바로 말한다,PosEnv,신뢰하다
에두르지 않고 바로 말한다,NegEnv,짜증나다
열심히 말한다,PosEnv,기쁘다
열심히 말한다,PosEnv,희열을 느끼다
열심히 말한다,NegEnv,억울하다
울먹거리며 애원하는 어조로 말한다,NegEnv,절박하다
울먹거리며 애원하는 어조로 말한다,NegEnv,억울하다
울먹이는 목소리로 말한다,PosEnv,안도하다
울먹이는 목소리로 말한다,PosEnv,감동받다
울먹이는 목소리로 말한다,PosEnv,고맙다
울먹이는 목소리로 말한다,NegEnv,슬프다
울먹이는 목소리로 말한다,NegEnv,겁에 질리다
지나치게 낮은 목소리로 말한다,NegEnv,절망하다
지나치게 낮은 목소리로 말한다,NegEnv,초라하다
지나치게 낮은 목소리로 말한다,NegEnv,자책하다
큰 소리로 말한다,PosEnv,만족하다
큰 소리로 말한다,PosEnv,기쁘다
큰 소리로 말한다,PosEnv,희열을 느끼다
큰 소리로 말한다,NegEnv,반항하다
큰 소리로 말한다,NegEnv,분개하다
평소보다 더 가라앉은 목소리로 말한다,NegEnv,우울하다
평소보다 더 가라앉은 목소리로 말한다,NegEnv,절망하다
평소보다 더 가라앉은 목소리로 말한다,NegEnv,낙담하다
평소보다 빠르게 말한다,PosEnv,신나다
평소보다 빠르게 말한다,PosEnv,기쁘다
평소보다 빠르게 말한다,NegEnv,분노하다
평소보다 빠르게 말한다,NegEnv,조급하다
평소보다 빠르게 말한다,NegEnv,분개하다
확고한 어투로 말한다,PosEnv,확신에 차다
활기 넘치게 말한다,PosEnv,즐겁다
활기 넘치게 말한다,PosEnv,기쁘다
활기 넘치게 말한다,PosEnv,행복하다
힘이 하나도 없는 목소리로 말한다,NegEnv,절망하다
힘이 하나도 없는 목소리로 말한다,NegEnv,초라하다
거칠게 말한다,PosEnv,자신감에 차다
거칠게 말한다,NegEnv,화나다
거칠게 말한다,NegEnv,불안하다
거칠어진 목소리로 말한다,PosEnv,욕정을 느끼다
거칠어진 목소리로 말한다,NegEnv,슬프다
거칠어진 목소리로 말한다,NegEnv,증오하다
거칠어진 목소리로 말한다,NegEnv,충격받다
걸걸해진 목소리로 말한다,PosEnv,신나다
걸걸해진 목소리로 말한다,NegEnv,분노하다
Y와 머리를 맞댄다,PosEnv,평안하다
Y와 머리를 맞댄다,PosEnv,신나다
Y와 머리를 맞댄다,PosEnv,희망에 차다
Y와 머리를 맞댄다,NegEnv,불편하다
Y와 이마를 맞댄다,PosEnv,좋아하다
Y와 이마를 맞댄다,PosEnv,유대감을 느끼다
Y와 이마를 맞댄다,NegEnv,화나다
Y를 반갑게 맞이한다,PosEnv,신나다
Y를 반갑게 맞이한다,PosEnv,기쁘다
가볍게 두 손을 맞잡는다,PosEnv,좋아하다
가볍게 두 손을 맞잡는다,PosEnv,행복하다
가볍게 두 손을 맞잡는다,PosEnv,유대감을 느끼다
가볍게 두 손을 맞잡는다,NegEnv,의심하다
가볍게 두 손을 맞잡는다,NegEnv,아쉽다
Y와 눈을 맞춘다,PosEnv,욕정을 느끼다
Y와 눈을 맞춘다,PosEnv,누그러지다
Y와 눈을 맞춘다,NegEnv,걱정하다
발바닥 장단을 맞춘다,PosEnv,즐겁다
발바닥 장단을 맞춘다,PosEnv,유쾌하다
발바닥 장단을 맞춘다,PosEnv,신나다
손가락으로 장단을 맞춘다,PosEnv,즐겁다
Y와 은근하게 눈을 맞춘다,PosEnv,욕정을 느끼다
Y와 은근하게 눈을 맞춘다,PosEnv,고맙다
Y와 은근하게 눈을 맞춘다,NegEnv,경계하다
Y와 입을 맞춘다,PosEnv,좋아하다
Y와 입을 맞춘다,PosEnv,욕정을 느끼다
Y와 계속해서 눈을 맞춘다,PosEnv,친밀감을 느끼다
Y와 계속해서 눈을 맞춘다,PosEnv,고맙다
Y와 계속해서 눈을 맞춘다,NegEnv,애증하다
Y와 눈높이를 맞춘다,PosEnv,친밀감을 느끼다
Y와 눈높이를 맞춘다,NegEnv,걱정하다
몸을 Y한테 맡긴다,PosEnv,욕정을 느끼다
몸을 Y한테 맡긴다,PosEnv,친밀감을 느끼다
몸을 Y한테 맡긴다,NegEnv,절망하다
몸을 Y한테 맡긴다,NegEnv,낙담하다
몸을 Y한테 맡긴다,NegEnv,충격받다
향기를 맡는다,PosEnv,안정을 찾다
Y에게 매달린다,PosEnv,좋아하다
Y에게 매달린다,NegEnv,두렵다
Y에게 매달린다,NegEnv,불안하다
뒷머리를 매만진다,PosEnv,부끄럽다
뒷머리를 매만진다,NegEnv,심드렁하다
얼굴을 매만진다,PosEnv,좋아하다
얼굴을 매만진다,NegEnv,걱정하다
옷을 매만진다,PosEnv,희망을 품다
옷을 매만진다,NegEnv,불안하다
머리를 매만진다,PosEnv,설레다
머리를 매만진다,PosEnv,기대하다
머리를 매만진다,PosEnv,긴장하다
머리를 매만진다,NegEnv,창피하다
머리를 매만진다,NegEnv,긴장하다
문 앞에서 맴돈다,PosEnv,설레다
문 앞에서 맴돈다,PosEnv,기대하다
문 앞에서 맴돈다,PosEnv,흥분하다
문 앞에서 맴돈다,NegEnv,초조하다
문 앞에서 맴돈다,NegEnv,불안하다
주위를 맴돈다,PosEnv,좋아하다
주위를 맴돈다,NegEnv,의심하다
주위를 맴돈다,NegEnv,걱정하다
주위를 맴돈다,NegEnv,긴장하다
눈물이 맺혀있다,PosEnv,감동받다
눈물이 맺혀있다,NegEnv,우울하다
눈물이 맺혀있다,NegEnv,슬프다
눈물이 맺혀있다,NegEnv,상처받다
구석에 머무른다,PosEnv,수줍다
구석에 머무른다,NegEnv,우울하다
한쪽 귀퉁이에 머문다,PosEnv,쑥스럽다
한쪽 귀퉁이에 머문다,PosEnv,긴장하다
한쪽 귀퉁이에 머문다,NegEnv,두렵다
한쪽 귀퉁이에 머문다,NegEnv,주저하다
한쪽 귀퉁이에 머문다,NegEnv,긴장하다
갑자기 움직임을 멈춘다,PosEnv,놀라다
갑자기 움직임을 멈춘다,NegEnv,충격받다
갑자기 하던 일을 멈춘다,PosEnv,놀라다
갑자기 하던 일을 멈춘다,NegEnv,놀라다
갑자기 하던 일을 멈춘다,NegEnv,불안하다
갑자기 하던 일을 멈춘다,NegEnv,충격받다
한순간 호흡을 멈춘다,PosEnv,놀라다
한순간 호흡을 멈춘다,NegEnv,경악하다
한순간 호흡을 멈춘다,NegEnv,충격받다
행동을 멈춘다,PosEnv,놀라다
행동을 멈춘다,NegEnv,겁에 질리다
행동을 멈춘다,NegEnv,충격받다
눈빛이 멍하다,NegEnv,망연자실하다
눈빛이 멍하다,NegEnv,실망하다
말투가 잔뜩 모나다,NegEnv,짜증나다
말투가 잔뜩 모나다,NegEnv,혐오하다
어디에 눈을 둬야 할지 모른다,PosEnv,쑥스럽다
어디에 눈을 둬야 할지 모른다,PosEnv,놀라다
어디에 눈을 둬야 할지 모른다,NegEnv,경악하다
어디에 눈을 둬야 할지 모른다,NegEnv,충격받다
수갑 찬 것처럼 두 팔을 앞으로 모은다,NegEnv,자책하다
자세를 움츠러뜨려 다리를 모은다,NegEnv,위축되다
자세를 움츠러뜨려 다리를 모은다,NegEnv,경계하다
일에 몰두한다,PosEnv,좋아하다
일에 몰두한다,PosEnv,신나다
일에 몰두한다,PosEnv,흥분하다
일에 몰두한다,NegEnv,상처받다
일에 몰두한다,NegEnv,쓸쓸하다
일에 몰두한다,NegEnv,외롭다
갑자기 Y를 몰아세운다,PosEnv,자신감에 차다
갑자기 Y를 몰아세운다,NegEnv,분노하다
갑자기 Y를 몰아세운다,NegEnv,화나다
갑자기 Y를 몰아세운다,NegEnv,시기하다
Y를 몰아세운다,PosEnv,자신감에 차다
Y를 몰아세운다,NegEnv,초조하다
가쁜 숨을 몰아쉰다,PosEnv,욕정을 느끼다
가쁜 숨을 몰아쉰다,NegEnv,분노하다
숨을 몰아 쉬며 말한다,PosEnv,도취되다
숨을 몰아 쉬며 말한다,PosEnv,욕정을 느끼다
숨을 몰아 쉬며 말한다,NegEnv,분개하다
헉하고 숨을 몰아쉰다,PosEnv,놀라다
헉하고 숨을 몰아쉰다,NegEnv,경악하다
헉하고 숨을 몰아쉰다,NegEnv,충격받다
가만히 앉아 있지 못한다,PosEnv,긴장하다
가만히 앉아 있지 못한다,NegEnv,고민하다
가만히 앉아 있지 못한다,NegEnv,불안하다
가만히 앉아 있지 못한다,NegEnv,긴장하다
거울에서 눈을 떼지 못한다,PosEnv,자부심을 느끼다
거울에서 눈을 떼지 못한다,NegEnv,불안하다
말을 입 밖으로 꺼내지 못한다,PosEnv,수줍다
말을 입 밖으로 꺼내지 못한다,NegEnv,우울하다
말을 입 밖으로 꺼내지 못한다,NegEnv,초라하다
말을 입 밖으로 꺼내지 못한다,NegEnv,체념하다
말을 제대로 떠올리지 못한다,PosEnv,놀라다
말을 제대로 떠올리지 못한다,PosEnv,흥분하다
말을 제대로 떠올리지 못한다,NegEnv,우울하다
말을 제대로 떠올리지 못한다,NegEnv,상처받다
말을 하지 못한다,PosEnv,수줍다
말을 하지 못한다,NegEnv,겁에 질리다
말을 하지 못한다,NegEnv,소름이 끼치다
몸을 똑바로 가누지 못한다,PosEnv,유쾌하다
몸을 똑바로 가누지 못한다,PosEnv,신나다
몸을 똑바로 가누지 못한다,NegEnv,고민하다
몸을 똑바로 가누지 못한다,NegEnv,좌절하다
몸을 똑바로 가누지 못한다,NegEnv,불안하다
미소를 억누르지 못한다,PosEnv,신나다
미소를 억누르지 못한다,PosEnv,희열을 느끼다
바로 대답하지 못한다,NegEnv,당황하다
발을 가만두지 못한다,PosEnv,즐겁다
발을 가만두지 못한다,PosEnv,흥분하다
발을 가만두지 못한다,NegEnv,초조하다
시선을 떼지 못한다,PosEnv,욕정을 느끼다
시선을 떼지 못한다,PosEnv,부러워하다
시선을 떼지 못한다,PosEnv,욕망하다
시선을 떼지 못한다,NegEnv,시기하다
아무 말도 꺼내지 못한다,PosEnv,쑥스럽다
아무 말도 꺼내지 못한다,NegEnv,상처받다
아무 말도 꺼내지 못한다,NegEnv,고통스럽다
잘 먹지 못한다,PosEnv,쑥스럽다
잘 먹지 못한다,PosEnv,흥분하다
잘 먹지 못한다,NegEnv,우울하다
잘 먹지 못한다,NegEnv,그리워하다
잘 먹지 못한다,NegEnv,불편하다
잠들지 못한다,PosEnv,설레다
잠들지 못한다,PosEnv,흥분하다
잠들지 못한다,NegEnv,두렵다
잠들지 못한다,NegEnv,불안하다
잠시도 가만 있지 못한다,PosEnv,신나다
잠시도 가만 있지 못한다,NegEnv,불편하다
잠을 자지 못한다,PosEnv,신나다
잠을 자지 못한다,NegEnv,불안하다
제대로 먹지 못한다,PosEnv,설레다
제대로 먹지 못한다,PosEnv,흥분하다
제대로 먹지 못한다,NegEnv,우울하다
제대로 먹지 못한다,NegEnv,두렵다
제대로 먹지 못한다,NegEnv,초조하다
진득하게 앉아 있지 못한다,PosEnv,신나다
진득하게 앉아 있지 못한다,NegEnv,지루하다
진득하게 앉아 있지 못한다,NegEnv,불편하다
집중하지 못한다,PosEnv,신나다
집중하지 못한다,PosEnv,흥분하다
집중하지 못한다,NegEnv,우울하다
집중하지 못한다,NegEnv,불안하다
편히 쉬지 못한다,PosEnv,설레다
편히 쉬지 못한다,NegEnv,불편하다
편히 쉬지 못한다,NegEnv,긴장하다
한시도 가만히 있지 못한다,PosEnv,신나다
한시도 가만히 있지 못한다,PosEnv,흥분하다
한시도 가만히 있지 못한다,NegEnv,두렵다
한시도 가만히 있지 못한다,NegEnv,불안하다
Y를 마주 보지 못한다,PosEnv,쑥스럽다
Y를 마주 보지 못한다,PosEnv,긴장하다
Y를 마주 보지 못한다,PosEnv,수줍다
Y를 마주 보지 못한다,NegEnv,창피하다
Y를 마주 보지 못한다,NegEnv,수치스럽다
Y를 마주 보지 못한다,NegEnv,긴장하다
Y에게서 눈길을 거두지 못한다,PosEnv,욕망하다
Y에게서 눈길을 거두지 못한다,NegEnv,두렵다
Y의 시선을 외면하지 못한다,PosEnv,좋아하다
Y의 시선을 외면하지 못한다,NegEnv,동정하다
갈피를 잡지 못한다,NegEnv,의심하다
갈피를 잡지 못한다,NegEnv,두렵다
발걸음이 무겁다,NegEnv,슬프다
발걸음이 무겁다,NegEnv,절망하다
전화를 무시한다,NegEnv,초라하다
전화를 무시한다,NegEnv,불편하다
전화를 무시한다,NegEnv,두렵다
Y를 애써 무시한다,PosEnv,부끄럽다
Y를 애써 무시한다,NegEnv,멸시하다
Y를 애써 무시한다,NegEnv,초조하다
Y를 애써 무시한다,NegEnv,불안하다
Y를 의도적으로 무시한다,PosEnv,쑥스럽다
Y를 의도적으로 무시한다,NegEnv,분노하다
Y를 의도적으로 무시한다,NegEnv,혐오하다
무표정하다,NegEnv,심드렁하다
이마를 문댄다,NegEnv,불안하다
관자놀이를 문지른다,NegEnv,초조하다
눈썹을 문지른다,PosEnv,쑥스럽다
눈썹을 문지른다,PosEnv,긴장하다
눈썹을 문지른다,NegEnv,골치 아프다
눈썹을 문지른다,NegEnv,불안하다
눈썹을 문지른다,NegEnv,긴장하다
목덜미를 문지른다,PosEnv,쑥스럽다
목덜미를 문지른다,PosEnv,긴장하다
목덜미를 문지른다,NegEnv,긴장하다
목덜미를 문지른다,NegEnv,당황하다
바지에 대고 손바닥을 문지른다,PosEnv,긴장하다
바지에 대고 손바닥을 문지른다,NegEnv,긴장하다
배를 문지른다,PosEnv,편안하다
배를 문지른다,PosEnv,긴장하다
배를 문지른다,NegEnv,불안하다
배를 문지른다,NegEnv,긴장하다
손바닥으로 가슴을 문지른다,PosEnv,감동받다
손바닥으로 가슴을 문지른다,PosEnv,놀라다
손바닥으로 가슴을 문지른다,NegEnv,답답하다
손바닥으로 뺨을 문지른다,PosEnv,안정을 찾다
손바닥으로 뺨을 문지른다,NegEnv,고민하다
손으로 가슴을 문지른다,PosEnv,감동받다
손으로 가슴을 문지른다,PosEnv,놀라다
손으로 가슴을 문지른다,NegEnv,답답하다
이마를 문지른다,NegEnv,불안하다
입술을 문지른다,PosEnv,좋아하다
입술을 문지른다,NegEnv,불안하다
자신의 다리를 문지른다,PosEnv,부끄럽다
자신의 다리를 문지른다,NegEnv,불편하다
코를 문지른다,PosEnv,긴장하다
코를 문지른다,NegEnv,긴장하다
코를 문지른다,NegEnv,골치 아프다
코를 문지른다,NegEnv,초조하다
콧잔등을 문지른다,PosEnv,부끄럽다
콧잔등을 문지른다,NegEnv,고뇌하다
턱 아래를 문지른다,NegEnv,지치다
턱 아래를 문지른다,NegEnv,의심하다
턱을 문지른다,NegEnv,의심하다
턱을 문지른다,NegEnv,심드렁하다
팔뚝을 문지른다,NegEnv,불안하다
Y에게 따져 묻는다,NegEnv,불신하다
Y에게 따져 묻는다,NegEnv,짜증나다
Y에게 따져 묻는다,NegEnv,화나다
목이 벌겋게 물든다,PosEnv,쑥스럽다
목이 벌겋게 물든다,PosEnv,놀라다
목이 벌겋게 물든다,PosEnv,욕정을 느끼다
목이 벌겋게 물든다,NegEnv,창피하다
목이 벌겋게 물든다,NegEnv,화나다
볼이 벌겋게 물든다,PosEnv,놀라다
볼이 벌겋게 물든다,PosEnv,수줍다
볼이 벌겋게 물든다,NegEnv,분노하다
볼이 벌겋게 물든다,NegEnv,불편하다
뒤로 물러난다,NegEnv,초라하다
뒤로 물러난다,NegEnv,실망하다
뒤로 물러난다,NegEnv,두렵다
손을 쳐들고 뒤로 물러난다,PosEnv,놀라다
손을 쳐들고 뒤로 물러난다,NegEnv,억울하다
슬그머니 물러난다,NegEnv,우울하다
슬그머니 물러난다,NegEnv,초라하다
슬그머니 물러난다,NegEnv,두렵다
슬며시 뒤로 물러난다,NegEnv,의심하다
슬며시 뒤로 물러난다,NegEnv,불안하다
자리에서 물러난다,NegEnv,충격받다
자리에서 물러난다,NegEnv,초라하다
자리에서 물러난다,NegEnv,체념하다
황급히 뒤로 물러난다,PosEnv,놀라다
황급히 뒤로 물러난다,NegEnv,소름이 끼치다
황급히 뒤로 물러난다,NegEnv,경악하다
Y에게서 물러난다,NegEnv,절망하다
Y에게서 물러난다,NegEnv,주저하다
한 발 물러선다,NegEnv,유감스럽다
한 발 물러선다,NegEnv,체념하다
한 발 물러선다,NegEnv,두렵다
손톱을 물어뜯는다,NegEnv,초조하다
손톱을 물어뜯는다,NegEnv,불안하다
발음이 뭉개진다,PosEnv,쑥스럽다
발음이 뭉개진다,PosEnv,도취되다
발음이 뭉개진다,NegEnv,지치다
발음이 뭉개진다,NegEnv,위축되다
발음이 뭉개진다,NegEnv,당황하다
의자에서 미끄러진다,PosEnv,유쾌하다
의자에서 미끄러진다,PosEnv,신나다
의자에서 미끄러진다,NegEnv,당황하다
대답을 미룬다,PosEnv,쑥스럽다
대답을 미룬다,NegEnv,두렵다
대답을 미룬다,NegEnv,주저하다
미적거린다,PosEnv,쑥스럽다
미적거린다,NegEnv,싫어하다
미적거린다,NegEnv,주저하다
미적거린다,NegEnv,불안하다
Y를 미행한다,NegEnv,의심하다
Y를 미행한다,NegEnv,집착하다
인기척에 민감해진다,PosEnv,기대하다
인기척에 민감해진다,PosEnv,긴장하다
인기척에 민감해진다,NegEnv,불안하다
인기척에 민감해진다,NegEnv,긴장하다
Y를 확 민다,PosEnv,고소해하다
Y를 확 민다,PosEnv,신나다
Y를 확 민다,NegEnv,슬프다
Y를 확 민다,NegEnv,충격받다
Y에게 자신의 몸을 바짝 밀착시킨다,PosEnv,욕정을 느끼다
Y에게 자신의 몸을 바짝 밀착시킨다,NegEnv,분노하다
Y가 다가오지 못하도록 밀쳐낸다,NegEnv,분노하다
Y가 다가오지 못하도록 밀쳐낸다,NegEnv,혐오하다
Y가 다가오지 못하도록 밀쳐낸다,NegEnv,실망하다
Y를 세게 밀친다,NegEnv,분노하다
Y를 세게 밀친다,NegEnv,혐오하다
또렷한 시선으로 바라본다,PosEnv,확신에 차다
또렷한 시선으로 바라본다,NegEnv,분노하다
멀뚱하게 바라본다,NegEnv,의심하다
멀뚱하게 바라본다,NegEnv,슬프다
먼 곳을 바라본다,NegEnv,슬프다
먼 곳을 바라본다,NegEnv,그리워하다
싸늘한 시선으로 바라본다,NegEnv,멸시하다
싸늘한 시선으로 바라본다,NegEnv,충격받다
졸린 눈으로 바라본다,PosEnv,편안하다
졸린 눈으로 바라본다,NegEnv,심드렁하다
지긋이 바라본다,PosEnv,좋아하다
지긋이 바라본다,PosEnv,욕정을 느끼다
지긋이 바라본다,NegEnv,애증하다
텅 빈 시선으로 바라본다,NegEnv,슬프다
텅 빈 시선으로 바라본다,NegEnv,망연자실하다
텅 빈 시선으로 바라본다,NegEnv,체념하다
한곳을 뚫어져라 바라본다,PosEnv,욕망하다
한곳을 뚫어져라 바라본다,PosEnv,열망하다
한곳을 뚫어져라 바라본다,NegEnv,의심하다
한곳을 뚫어져라 바라본다,NegEnv,걱정하다
한곳을 뚫어져라 바라본다,NegEnv,불안하다
허공을 바라본다,NegEnv,그리워하다
허공을 바라본다,NegEnv,체념하다
입술에 침을 바른다,PosEnv,고소해하다
입술에 침을 바른다,NegEnv,불안하다
입술에 침을 바른다,NegEnv,당황하다
같은 행동을 반복한다,PosEnv,흥분하다
같은 행동을 반복한다,NegEnv,집착하다
같은 행동을 반복한다,NegEnv,불편하다
웅얼거린다,PosEnv,기대하다
웅얼거린다,NegEnv,실망하다
웅얼거린다,NegEnv,초조하다
웅얼거린다,NegEnv,낙담하다
앉았다 일어서기를 반복한다,PosEnv,기대하다
앉았다 일어서기를 반복한다,NegEnv,조급하다
앉았다 일어서기를 반복한다,NegEnv,초조하다
소음에 민감하게 반응한다,NegEnv,겁에 질리다
소음에 민감하게 반응한다,NegEnv,고민하다
소음에 민감하게 반응한다,NegEnv,불안하다
한 박자 느리게 반응한다,NegEnv,절망하다
한 박자 느리게 반응한다,NegEnv,충격받다
눈빛이 반짝거린다,PosEnv,즐겁다
눈빛이 반짝거린다,PosEnv,행복하다
양볼이 발그레해진다,PosEnv,좋아하다
양볼이 발그레해진다,PosEnv,쑥스럽다
안색이 밝다,PosEnv,행복하다
안색이 밝다,PosEnv,기쁘다
얼굴이 밝다,PosEnv,행복하다
얼굴이 밝다,PosEnv,기쁘다
표정이 밝다,PosEnv,기쁘다
거리를 배회한다,NegEnv,혼란스럽다
거리를 배회한다,NegEnv,불안하다
이를 갈며 말을 뱉는다,NegEnv,분노하다
씩씩거리며 돌아서 버린다,NegEnv,울분을 느끼다
씩씩거리며 돌아서 버린다,NegEnv,분개하다
뺨 위에 홍조가 번진다,PosEnv,좋아하다
뺨 위에 홍조가 번진다,PosEnv,기쁘다
뺨 위에 홍조가 번진다,PosEnv,수줍다
뺨 위에 홍조가 번진다,NegEnv,화나다
얼굴에 미소가 천천히 번진다,PosEnv,안도하다
얼굴에 미소가 천천히 번진다,PosEnv,안심하다
홍조가 번진다,PosEnv,수줍다
코를 벌름거린다,PosEnv,부러워하다
코를 벌름거린다,PosEnv,흥분하다
코를 벌름거린다,NegEnv,분노하다
코를 벌름거린다,NegEnv,시기하다
콧구멍을 벌름거린다,PosEnv,부러워하다
콧구멍을 벌름거린다,PosEnv,흥분하다
콧구멍을 벌름거린다,NegEnv,분노하다
콧구멍을 벌름거린다,NegEnv,시기하다
두 팔을 활짝 벌리다,PosEnv,도취되다
두 팔을 활짝 벌리다,PosEnv,기쁘다
멍하게 입을 벌린다,PosEnv,도취되다
멍하게 입을 벌린다,PosEnv,놀라다
멍하게 입을 벌린다,PosEnv,경탄하다
멍하게 입을 벌린다,NegEnv,충격받다
양팔을 벌린다,PosEnv,누그러지다
양팔을 벌린다,NegEnv,체념하다
팔을 벌린다,PosEnv,즐겁다
팔을 벌린다,PosEnv,행복하다
팔을 벌린다,PosEnv,흥분하다
입이 떡 벌어진다,PosEnv,놀라다
입이 떡 벌어진다,NegEnv,소름이 끼치다
입이 떡 벌어진다,NegEnv,경악하다
입이 떡 벌어진다,NegEnv,충격받다
입이 쩍 벌어진다,PosEnv,놀라다
입이 쩍 벌어진다,NegEnv,경악하다
입이 쩍 벌어진다,NegEnv,충격받다
말다툼을 벌인다,NegEnv,분노하다
말다툼을 벌인다,NegEnv,싫어하다
말다툼을 벌인다,NegEnv,의심하다
Y와 언쟁을 벌인다,NegEnv,짜증나다
Y와 언쟁을 벌인다,NegEnv,화나다
Y와 언쟁을 벌인다,NegEnv,분개하다
Y의 옷을 잡아당겨 벗겨낸다,PosEnv,욕정을 느끼다
Y의 옷을 잡아당겨 벗겨낸다,NegEnv,다급하다
Y의 옷을 잡아당겨 벗겨낸다,NegEnv,화나다
Y의 옷을 잡아당겨 벗겨낸다,NegEnv,의심하다
안경을 벗는다,NegEnv,짜증나다
안경을 벗는다,NegEnv,화나다
Y를 바라보며 옷을 벗는다,PosEnv,욕정을 느끼다
자리를 벗어난다,NegEnv,두렵다
자리를 벗어난다,NegEnv,혐오하다
자리를 벗어난다,NegEnv,체념하다
호의를 베푼다,PosEnv,좋아하다
그윽한 시선을 보낸다,PosEnv,욕정을 느끼다
강렬한 시선을 보낸다,PosEnv,욕망하다
강렬한 시선을 보낸다,NegEnv,증오하다
강렬한 시선을 보낸다,NegEnv,분개하다
Y에게 눈짓을 보낸다,PosEnv,좋아하다
Y에게 눈짓을 보낸다,PosEnv,욕정을 느끼다
Y에게 눈짓을 보낸다,NegEnv,불안하다
열렬히 박수를 보낸다,PosEnv,만족하다
열렬히 박수를 보낸다,PosEnv,감탄하다
열렬히 박수를 보낸다,PosEnv,경외심이 들다
열렬히 박수를 보낸다,NegEnv,두렵다
차가운 눈빛을 보낸다,NegEnv,애증하다
차가운 눈빛을 보낸다,NegEnv,혐오하다
차가운 눈빛을 보낸다,NegEnv,멸시하다
Y에게 메세지를 보낸다,PosEnv,좋아하다
Y에게 메세지를 보낸다,PosEnv,설레다
Y에게 메세지를 보낸다,PosEnv,기대하다
Y에게 메세지를 보낸다,NegEnv,분노하다
Y에게 메세지를 보낸다,NegEnv,외롭다
Y에게 은밀한 시선을 보낸다,PosEnv,욕정을 느끼다
Y에게 은밀한 시선을 보낸다,PosEnv,욕망하다
Y에게 은밀한 시선을 보낸다,NegEnv,불안하다
낯빛이 어둡다,NegEnv,우울하다
눈빛이 심각하다,NegEnv,의심하다
눈빛이 심각하다,NegEnv,고뇌하다
눈빛이 심각하다,NegEnv,걱정하다
몸이 오그라든 것처럼 보인다,NegEnv,위축되다
몸이 오그라든 것처럼 보인다,NegEnv,절망하다
몸이 오그라든 것처럼 보인다,NegEnv,체념하다
몸이 축 처져 보인다,NegEnv,우울하다
몸이 축 처져 보인다,NegEnv,초라하다
몸이 축 처져 보인다,NegEnv,망연자실하다
손바닥을 펴 보인다,NegEnv,분노하다
손바닥을 펴 보인다,NegEnv,화나다
손으로 엑스자를 그어 보인다,NegEnv,싫어하다
시무룩하다,NegEnv,우울하다
시무룩하다,NegEnv,체념하다
여유로운 몸가짐을 보인다,PosEnv,만족하다
여유로운 몸가짐을 보인다,PosEnv,편안하다
여유로운 몸가짐을 보인다,NegEnv,무시하다
여유로운 태도를 보인다,PosEnv,평안하다
여유로운 태도를 보인다,NegEnv,심드렁하다
잔뜩 수그린 모습을 보인다,NegEnv,우울하다
잔뜩 수그린 모습을 보인다,NegEnv,위축되다
환한 미소를 보인다,PosEnv,행복하다
환한 미소를 보인다,PosEnv,고맙다
흐리멍덩한 눈을 하고 있다,NegEnv,좌절하다
Y에게 살짝 윙크를 해 보인다,PosEnv,좋아하다
Y에게 엄지손가락을 추켜세워 보인다,PosEnv,만족하다
보채다,PosEnv,신나다
보채다,NegEnv,조급하다
보채다,NegEnv,불안하다
몸을 보호한다,NegEnv,두렵다
거울을 자주 본다,PosEnv,기대하다
거울을 자주 본다,NegEnv,불안하다
눈치를 본다,PosEnv,좋아하다
눈치를 본다,NegEnv,불안하다
먼 데를 본다,PosEnv,만족하다
먼 데를 본다,NegEnv,혼란스럽다
목을 쭉 빼고 본다,PosEnv,부러워하다
목을 쭉 빼고 본다,PosEnv,호기심이 생기다
목을 쭉 빼고 본다,NegEnv,불신하다
목을 쭉 빼고 본다,NegEnv,질투하다
빤히 마주 본다,PosEnv,좋아하다
빤히 마주 본다,NegEnv,증오하다
빤히 마주 본다,NegEnv,반항하다
자꾸 시계를 본다,PosEnv,기대하다
자꾸 시계를 본다,NegEnv,의심하다
자꾸 시계를 본다,NegEnv,주저하다
자꾸 시계를 본다,NegEnv,불안하다
흐릿한 눈으로 본다,NegEnv,망연자실하다
흐릿한 눈으로 본다,NegEnv,그리워하다
Y를 똑바로 마주 본다,PosEnv,좋아하다
Y를 똑바로 마주 본다,NegEnv,분노하다
Y를 똑바로 마주 본다,NegEnv,증오하다
Y를 똑바로 마주 본다,NegEnv,반항하다
Y의 약점을 부각한다,PosEnv,고소해하다
Y의 약점을 부각한다,NegEnv,멸시하다
Y의 약점을 부각한다,NegEnv,경멸하다
모서리에 자주 부딪친다,NegEnv,혼란스럽다
모서리에 자주 부딪친다,NegEnv,불안하다
눈알을 부라린다,NegEnv,짜증나다
눈알을 부라린다,NegEnv,화나다
눈알을 부라린다,NegEnv,경멸하다
눈을 부라린다,NegEnv,짜증나다
눈을 부라린다,NegEnv,화나다
눈을 부라린다,NegEnv,분개하다
노래를 부른다,PosEnv,즐겁다
노래를 부른다,PosEnv,신나다
노래를 부른다,PosEnv,행복하다
노래를 부른다,NegEnv,우울하다
노래를 부른다,NegEnv,쓸쓸하다
눈을 위쪽으로 부릅뜬다,PosEnv,자신감에 차다
눈을 위쪽으로 부릅뜬다,NegEnv,짜증나다
눈을 위쪽으로 부릅뜬다,NegEnv,혐오하다
눈을 위쪽으로 부릅뜬다,NegEnv,경멸하다
허세를 부린다,PosEnv,신나다
허세를 부린다,PosEnv,재미있다
허세를 부린다,NegEnv,초라하다
허세를 부린다,NegEnv,불안하다
물건을 부순다,NegEnv,분노하다
눈가가 불고 퉁퉁 부어오른다,NegEnv,우울하다
눈가가 불고 퉁퉁 부어오른다,NegEnv,슬프다
눈가가 불고 퉁퉁 부어오른다,NegEnv,그리워하다
양손으로 머리통을 부여잡는다,PosEnv,놀라다
양손으로 머리통을 부여잡는다,NegEnv,고뇌하다
움직임이 부자연스럽다,NegEnv,초조하다
움직임이 부자연스럽다,NegEnv,불안하다
손으로 부채질한다,PosEnv,쑥스럽다
손으로 부채질한다,PosEnv,긴장하다
손으로 부채질한다,NegEnv,창피하다
손으로 부채질한다,NegEnv,화나다
Y를 부추긴다,PosEnv,희망을 품다
Y를 부추긴다,PosEnv,기대하다
Y를 부추긴다,NegEnv,화나다
볼을 부풀린다,PosEnv,재미있다
볼을 부풀린다,NegEnv,불쾌하다
볼을 부풀린다,NegEnv,짜증나다
볼을 부풀린다,NegEnv,반항하다
Y를 북돋아준다,PosEnv,좋아하다
Y를 북돋아준다,PosEnv,신나다
Y를 북돋아준다,NegEnv,걱정하다
휘파람을 분다,PosEnv,만족하다
휘파람을 분다,PosEnv,평안하다
휘파람을 분다,PosEnv,기쁘다
휘파람을 분다,NegEnv,무시하다
평소보다 발음이 분명해진다,PosEnv,확신에 차다
평소보다 발음이 분명해진다,PosEnv,자부심을 느끼다
평소보다 발음이 분명해진다,NegEnv,분노하다
시선이 분주하다,NegEnv,불안하다
눈시울이 붉어진다,PosEnv,감동받다
눈시울이 붉어진다,NegEnv,슬프다
눈시울이 붉어진다,NegEnv,상처받다
얼굴이 붉어진다,PosEnv,쑥스럽다
얼굴이 붉어진다,NegEnv,창피하다
얼굴이 붉어진다,NegEnv,화나다
피부가 붉어진다,PosEnv,흥분하다
피부가 붉어진다,NegEnv,분노하다
얼굴이 붉으락푸르락한다,NegEnv,수치스럽다
얼굴이 붉으락푸르락한다,NegEnv,화나다
피부가 붉으락푸르락해진다,PosEnv,흥분하다
피부가 붉으락푸르락해진다,NegEnv,분노하다
얼굴을 붉힌다,PosEnv,수줍다
얼굴을 붉힌다,NegEnv,창피하다
팔을 몸에 바짝 붙인다,NegEnv,두렵다
팔을 몸에 바짝 붙인다,NegEnv,불안하다
신랄하게 비꼰다,NegEnv,멸시하다
신랄하게 비꼰다,NegEnv,경멸하다
장난스럽게 비꼰다,PosEnv,유쾌하다
장난스럽게 비꼰다,PosEnv,고소해하다
장난스럽게 비꼰다,PosEnv,재미있다
장난스럽게 비꼰다,NegEnv,무시하다
Y를 비난한다,PosEnv,고소해하다
Y를 비난한다,NegEnv,분노하다
Y를 비난한다,NegEnv,혐오하다
두 손을 비벼댄다,PosEnv,기대하다
두 손을 비벼댄다,PosEnv,긴장하다
두 손을 비벼댄다,NegEnv,고민하다
두 손을 비벼댄다,NegEnv,불안하다
팔을 자꾸 비벼댄다,NegEnv,불안하다
눈가를 비빈다,PosEnv,놀라다
눈가를 비빈다,NegEnv,의심하다
눈가를 비빈다,NegEnv,경악하다
손을 비빈다,PosEnv,기대하다
손을 비빈다,NegEnv,조급하다
손을 비빈다,NegEnv,초조하다
손을 얼굴에 대고 비빈다,NegEnv,유감스럽다
손을 얼굴에 대고 비빈다,NegEnv,애석하다
자신의 턱으로 Y의 얼굴을 비빈다,PosEnv,좋아하다
자신의 턱으로 Y의 얼굴을 비빈다,NegEnv,슬프다
비아냥거린다,NegEnv,혐오하다
비아냥거린다,NegEnv,반항하다
비아냥거린다,NegEnv,멸시하다
Y를 비웃는다,PosEnv,고소해하다
Y를 비웃는다,PosEnv,기쁘다
Y를 비웃는다,NegEnv,멸시하다
Y를 비웃는다,NegEnv,경멸하다
몸을 비튼다,NegEnv,부끄럽다
상체를 비튼다,PosEnv,재미있다
상체를 비튼다,NegEnv,역겨워하다
자신의 팔목을 비튼다,NegEnv,초라하다
자신의 팔목을 비튼다,NegEnv,불안하다
Y의 팔을 확 비튼다,NegEnv,분노하다
Y의 팔을 확 비튼다,NegEnv,증오하다
빈정거린다,NegEnv,불신하다
빈정거린다,NegEnv,멸시하다
빈정거린다,NegEnv,경멸하다
눈이 환하게 빛난다,PosEnv,즐겁다
눈이 환하게 빛난다,PosEnv,신나다
눈이 환하게 빛난다,PosEnv,흥분하다
얼굴이 반짝반짝 빛난다,PosEnv,신나다
말투가 빠르다,PosEnv,신나다
말투가 빠르다,NegEnv,반항하다
슬며시 뒷걸음쳐 빠져나간다,NegEnv,초라하다
갑자기 대화에서 빠진다,NegEnv,두렵다
갑자기 대화에서 빠진다,NegEnv,체념하다
얼굴에 맥이 빠진다,NegEnv,실망하다
얼굴에 맥이 빠진다,NegEnv,낙담하다
볼이 빨개진다,PosEnv,놀라다
볼이 빨개진다,PosEnv,수줍다
볼이 빨개진다,NegEnv,화나다
볼이 빨개진다,NegEnv,질투하다
볼이 빨개진다,NegEnv,억울하다
말이 빨라진다,PosEnv,희열을 느끼다
말이 빨라진다,NegEnv,초조하다
말이 빨라진다,NegEnv,불안하다
평소보다 발걸음이 빨라진다,PosEnv,희망을 품다
평소보다 발걸음이 빨라진다,PosEnv,신나다
평소보다 발걸음이 빨라진다,PosEnv,긴장하다
평소보다 발걸음이 빨라진다,NegEnv,조급하다
평소보다 발걸음이 빨라진다,NegEnv,절박하다
평소보다 발걸음이 빨라진다,NegEnv,긴장하다
Y를 향한 발걸음이 빨라진다,PosEnv,좋아하다
Y를 향한 발걸음이 빨라진다,NegEnv,불안하다
몸을 뒤로 뺀다,NegEnv,두렵다
몸을 뒤로 뺀다,NegEnv,불편하다
몸을 뒤로 뺀다,NegEnv,당황하다
손을 홱 잡아 뺀다,PosEnv,부러워하다
손을 홱 잡아 뺀다,NegEnv,시기하다
Y에게 팔을 뻗는다,PosEnv,신뢰하다
Y에게 팔을 뻗는다,NegEnv,걱정하다
손을 뻗는다,PosEnv,좋아하다
손을 뻗는다,NegEnv,걱정하다
다리가 뻣뻣해진다,PosEnv,긴장하다
다리가 뻣뻣해진다,NegEnv,소름이 끼치다
다리가 뻣뻣해진다,NegEnv,충격받다
목이 뻣뻣해진다,PosEnv,긴장하다
목이 뻣뻣해진다,NegEnv,긴장하다
목이 뻣뻣해진다,NegEnv,불안하다
목이 뻣뻣해진다,NegEnv,충격받다
표정이 뾰로퉁하다,NegEnv,삐지다
입술을 삐죽거린다,NegEnv,삐지다
Y에게 사과한다,NegEnv,유감스럽다
Y에게 사과한다,NegEnv,애석하다
웃음기가 사라진다,NegEnv,위축되다
웃음기가 사라진다,NegEnv,경계하다
호의를 사양한다,NegEnv,두렵다
호의를 사양한다,NegEnv,멸시하다
호의를 사양한다,NegEnv,경계하다
주의가 산만하다,PosEnv,신나다
주의가 산만하다,PosEnv,흥분하다
주의가 산만하다,NegEnv,걱정하다
주의가 산만하다,NegEnv,불안하다
Y와 함께 산책한다,PosEnv,좋아하다
Y와 함께 산책한다,PosEnv,평안하다
고개를 낮춰 Y를 살펴본다,NegEnv,의심하다
Y의 반응을 살핀다,PosEnv,좋아하다
Y의 반응을 살핀다,NegEnv,두렵다
주의 깊게 살핀다,NegEnv,의심하다
주의 깊게 살핀다,NegEnv,걱정하다
주의 깊게 살핀다,NegEnv,불안하다
Y의 눈치를 살핀다,PosEnv,좋아하다
Y의 눈치를 살핀다,PosEnv,수줍다
Y의 눈치를 살핀다,NegEnv,위축되다
Y의 눈치를 살핀다,NegEnv,겁에 질리다
Y를 우스갯거리로 삼는다,PosEnv,고소해하다
Y를 우스갯거리로 삼는다,NegEnv,무시하다
Y를 우스갯거리로 삼는다,NegEnv,경멸하다
Y를 우스갯거리로 삼는다,NegEnv,시기하다
Y를 방패 삼는다,NegEnv,위축되다
Y를 방패 삼는다,NegEnv,두렵다
눈물을 삼킨다,NegEnv,자책하다
눈물을 삼킨다,NegEnv,억울하다
침을 꿀꺽 삼킨다,PosEnv,놀라다
침을 꿀꺽 삼킨다,NegEnv,고민하다
침을 어렵게 삼킨다,NegEnv,상처받다
침을 어렵게 삼킨다,NegEnv,고통스럽다
침을 자주 삼킨다,PosEnv,욕정을 느끼다
침을 자주 삼킨다,NegEnv,불편하다
침을 자주 삼킨다,NegEnv,불안하다
낯빛이 잔뜩 상기된다,PosEnv,즐겁다
낯빛이 잔뜩 상기된다,PosEnv,행복하다
낯빛이 잔뜩 상기된다,NegEnv,분노하다
낯빛이 잔뜩 상기된다,NegEnv,화나다
낯빛이 잔뜩 상기된다,NegEnv,당황하다
얼굴이 상기된다,PosEnv,신나다
얼굴이 상기된다,PosEnv,흥분하다
얼굴이 상기된다,NegEnv,분노하다
신음이 입 밖으로 새어나온다,PosEnv,놀라다
신음이 입 밖으로 새어나온다,NegEnv,창피하다
신음이 입 밖으로 새어나온다,NegEnv,부끄럽다
신음이 입 밖으로 새어나온다,NegEnv,수치스럽다
자기도 모르게 긴 한숨이 새어나온다,PosEnv,안심하다
자기도 모르게 긴 한숨이 새어나온다,NegEnv,우울하다
자신도 모르게 쓴웃음이 새어나온다,NegEnv,상처받다
자신도 모르게 울음이 새어나온다,PosEnv,감동받다
자신도 모르게 울음이 새어나온다,NegEnv,슬프다
자신도 모르게 울음이 새어나온다,NegEnv,겁에 질리다
자신도 모르게 울음이 새어나온다,NegEnv,그리워하다
오래 뜸을 들이며 생각한다,NegEnv,혐오하다
오래 뜸을 들이며 생각한다,NegEnv,주저하다
이리저리 서성거린다,NegEnv,고민하다
이리저리 서성거린다,NegEnv,불안하다
한 장소에서 서성거린다,PosEnv,긴장하다
한 장소에서 서성거린다,PosEnv,흥분하다
한 장소에서 서성거린다,NegEnv,걱정하다
한 장소에서 서성거린다,NegEnv,불안하다
행동이 서투르다,NegEnv,초조하다
행동이 서투르다,NegEnv,불안하다
행동이 서투르다,NegEnv,당황하다
움직임이 둔하고 서툴다,NegEnv,창피하다
움직임이 둔하고 서툴다,NegEnv,수치스럽다
움직임이 둔하고 서툴다,NegEnv,체념하다
다리를 넓게 벌리고 선다,PosEnv,만족하다
다리를 넓게 벌리고 선다,NegEnv,반항하다
등을 기대고 선다,NegEnv,좌절하다
등을 기대고 선다,NegEnv,체념하다
양팔을 딱 붙이고 선다,PosEnv,자신감에 차다
양팔을 딱 붙이고 선다,NegEnv,긴장되다
핏대를 세운다,NegEnv,분노하다
핏대를 세운다,NegEnv,화나다
핏대를 세운다,NegEnv,분개하다
꼿꼿한 자세로 선다,PosEnv,확신에 차다
꼿꼿한 자세로 선다,NegEnv,긴장하다
발길을 멈춰 세운다,PosEnv,감탄하다
발길을 멈춰 세운다,PosEnv,놀라다
발길을 멈춰 세운다,NegEnv,경악하다
옷깃을 세운다,PosEnv,흥분하다
옷깃을 세운다,NegEnv,당황하다
Y에게 속닥거린다,NegEnv,질투하다
Y에게 가까이 오라고 손짓한다,PosEnv,좋아하다
Y에게 가까이 오라고 손짓한다,PosEnv,친밀감을 느끼다
Y에게 가까이 오라고 손짓한다,PosEnv,누그러지다
Y에게 가까이 오라고 손짓한다,NegEnv,집착하다
Y에게 손짓한다,NegEnv,혐오하다
눈물이 솟구친다,PosEnv,감동받다
눈물이 솟구친다,NegEnv,억울하다
눈물이 솟구친다,NegEnv,충격받다
어깨를 살짝 앞으로 수그린다,NegEnv,위축되다
수다스러워진다,PosEnv,신나다
수다스러워진다,PosEnv,재미있다
수다스러워진다,PosEnv,긴장하다
수다스러워진다,NegEnv,긴장하다
수다스러워진다,NegEnv,당황하다
왁자지껄하게 군다,PosEnv,희망을 품다
왁자지껄하게 군다,PosEnv,즐겁다
왁자지껄하게 군다,PosEnv,재미있다
왁자지껄하게 군다,NegEnv,분노하다
왁자지껄하게 군다,NegEnv,불안하다
황급히 수습한다,PosEnv,놀라다
황급히 수습한다,NegEnv,당황하다
고개를 푹 숙인다,PosEnv,부끄럽다
고개를 푹 숙인다,NegEnv,우울하다
고개를 푹 숙인다,NegEnv,초라하다
고개를 푹 숙인다,NegEnv,체념하다
고개를 가볍게 숙인다,PosEnv,존경하다
턱을 살짝 숙인다,PosEnv,고맙다
턱을 살짝 숙인다,NegEnv,아쉽다
턱을 살짝 숙인다,NegEnv,애석하다
허리를 숙인다,PosEnv,존경하다
허리를 숙인다,NegEnv,두렵다
Y를 향해 상체를 숙인다,PosEnv,존경하다
Y를 향해 상체를 숙인다,NegEnv,의심하다
몸을 숨긴다,PosEnv,부끄럽다
몸을 숨긴다,NegEnv,위축되다
몸을 숨긴다,NegEnv,겁에 질리다
몸을 숨긴다,NegEnv,불안하다
표정을 숨긴다,PosEnv,부끄럽다
표정을 숨긴다,NegEnv,불신하다
숨는다,PosEnv,부끄럽다
숨는다,NegEnv,두렵다
숨는다,NegEnv,불안하다
Y 뒤로 숨는다,PosEnv,부끄럽다
Y 뒤로 숨는다,NegEnv,위축되다
Y 뒤로 숨는다,NegEnv,초라하다
Y 뒤로 숨는다,NegEnv,두렵다
조용한 곳에 숨어든다,PosEnv,부끄럽다
조용한 곳에 숨어든다,NegEnv,위축되다
조용한 곳에 숨어든다,NegEnv,두렵다
목소리가 쉬었다,PosEnv,흥분하다
목소리가 쉬었다,NegEnv,슬프다
목소리가 쉬었다,NegEnv,절망하다
얕은 한숨을 쉰다,NegEnv,슬프다
얕은 한숨을 쉰다,NegEnv,그리워하다
Y를 스토킹한다,NegEnv,집착하다
불면증에 시달린다,NegEnv,불안하다
Y와 대화를 시도한다,PosEnv,유대감을 느끼다
Y와 대화를 시도한다,NegEnv,불안하다
시무룩해한다,NegEnv,우울하다
시시덕거린다,PosEnv,즐겁다
시시덕거린다,PosEnv,유쾌하다
시시덕거린다,NegEnv,무시하다
시시덕거린다,NegEnv,경멸하다
취미에 심취한다,PosEnv,흥분하다
취미에 심취한다,NegEnv,쓸쓸하다
취미에 심취한다,NegEnv,외롭다
심호흡한다,NegEnv,걱정하다
심호흡한다,NegEnv,불안하다
얄궂게 싱글거린다,PosEnv,고소해하다
얄궂게 싱글거린다,PosEnv,기쁘다
얄궂게 싱글거린다,NegEnv,무시하다
땀을 쏟는다,PosEnv,신나다
땀을 쏟는다,PosEnv,흥분하다
땀을 쏟는다,NegEnv,두렵다
땀을 쏟는다,NegEnv,초조하다
땀을 쏟는다,NegEnv,당황하다
자주 눈물을 펑펑 쏟는다,PosEnv,감동받다
자주 눈물을 펑펑 쏟는다,NegEnv,우울하다
자주 눈물을 펑펑 쏟는다,NegEnv,초라하다
물건을 쏟는다,PosEnv,놀라다
물건을 쏟는다,PosEnv,긴장하다
물건을 쏟는다,NegEnv,긴장하다
물건을 쏟는다,NegEnv,당황하다
말을 쏟아낸다,PosEnv,유쾌하다
말을 쏟아낸다,PosEnv,흥분하다
말을 쏟아낸다,NegEnv,짜증나다
말을 쏟아낸다,NegEnv,화나다
말을 쏟아낸다,NegEnv,억울하다
땀이 쏟아진다,PosEnv,신나다
땀이 쏟아진다,PosEnv,흥분하다
땀이 쏟아진다,NegEnv,겁에 질리다
땀이 쏟아진다,NegEnv,당황하다
목을 쓰다듬는다,PosEnv,놀라다
목을 쓰다듬는다,NegEnv,충격받다
팔을 쓰다듬는다,NegEnv,불신하다
팔을 쓰다듬는다,NegEnv,의심하다
손끝으로 턱밑을 쓰다듬는다,NegEnv,고민하다
옷을 쓰다듬는다,PosEnv,안도하다
옷을 쓰다듬는다,NegEnv,걱정하다
자신의 목울대를 쓰다듬는다,PosEnv,욕망하다
자신의 목울대를 쓰다듬는다,NegEnv,불안하다
자신의 팔을 쓰다듬는다,PosEnv,평안하다
자신의 팔을 쓰다듬는다,NegEnv,걱정하다
자신의 팔을 쓰다듬는다,NegEnv,불안하다
Y의 등을 쓰다듬는다,PosEnv,친밀감을 느끼다
Y의 등을 쓰다듬는다,NegEnv,걱정하다
Y의 팔을 쓰다듬는다,PosEnv,좋아하다
Y의 팔을 쓰다듬는다,NegEnv,걱정하다
Y의 머릿결을 쓰다듬어준다,PosEnv,좋아하다
Y의 머릿결을 쓰다듬어준다,NegEnv,슬프다
발을 헛디뎌 쓰러진다,PosEnv,놀라다
발을 헛디뎌 쓰러진다,NegEnv,겁에 질리다
의자에 풀썩 쓰러진다,PosEnv,안도하다
의자에 풀썩 쓰러진다,NegEnv,좌절하다
의자에 풀썩 쓰러진다,NegEnv,체념하다
털썩 쓰러진다,PosEnv,안도하다
털썩 쓰러진다,NegEnv,충격받다
털썩 쓰러진다,NegEnv,절망하다
털썩 쓰러진다,NegEnv,체념하다
안경을 바로 쓴다,PosEnv,긴장하다
안경을 바로 쓴다,NegEnv,긴장하다
호흡을 고르게 하려고 신경 쓴다,NegEnv,불안하다
Y에게 쓴소리한다,NegEnv,분노하다
Y에게 쓴소리한다,NegEnv,걱정하다
가슴을 쓸어내린다,PosEnv,안도하다
가슴을 쓸어내린다,PosEnv,안심하다
머리를 쓸어내린다,PosEnv,평안하다
머리를 쓸어내린다,NegEnv,고민하다
손으로 뺨을 쓸어내린다,PosEnv,안정을 찾다
손으로 뺨을 쓸어내린다,NegEnv,고민하다
손으로 얼굴을 쓸어내린다,NegEnv,절망하다
손으로 얼굴을 쓸어내린다,NegEnv,낙담하다
앞머리를 쓸어내린다,PosEnv,긴장하다
앞머리를 쓸어내린다,NegEnv,두렵다
앞머리를 쓸어내린다,NegEnv,긴장하다
팔을 천천히 쓸어내린다,PosEnv,부끄럽다
팔을 천천히 쓸어내린다,NegEnv,외롭다
허벅지를 쓸어내린다,PosEnv,욕정을 느끼다
허벅지를 쓸어내린다,PosEnv,긴장하다
허벅지를 쓸어내린다,NegEnv,긴장하다
이마가 훤히 드러나도록 앞머리를 쓸어올린다,NegEnv,분노하다
눈썹을 씰룩거린다,PosEnv,재미있다
눈썹을 씰룩거린다,NegEnv,짜증나다
눈썹을 씰룩거린다,NegEnv,조급하다
엉덩이를 씰룩거린다,PosEnv,신나다
엉덩이를 씰룩거린다,NegEnv,삐지다
코를 씰룩거린다,NegEnv,의심하다
코를 씰룩거린다,NegEnv,불만족스럽다
손을 반복해서 씻는다,NegEnv,혼란스럽다
손을 반복해서 씻는다,NegEnv,불안하다
이를 악문다,NegEnv,분노하다
강하게 악수한다,PosEnv,자부심을 느끼다
강하게 악수한다,PosEnv,신뢰하다
강하게 악수한다,NegEnv,질투하다
강하게 악수한다,NegEnv,불편하다
Y에게 달려가서 안긴다,PosEnv,좋아하다
Y에게 달려가서 안긴다,PosEnv,기쁘다
Y에게 달려가서 안긴다,NegEnv,두렵다
Y에게 달려가서 안긴다,NegEnv,불안하다
Y의 품에 안긴다,PosEnv,행복하다
Y의 품에 안긴다,PosEnv,편안하다
Y의 품에 안긴다,NegEnv,두렵다
Y를 뻣뻣하게 안는다,NegEnv,슬프다
Y를 뻣뻣하게 안는다,NegEnv,혐오하다
스스로를 감싸 안는다,NegEnv,쓸쓸하다
스스로를 감싸 안는다,NegEnv,외롭다
Y를 감싸 안는다,PosEnv,좋아하다
Y를 감싸 안는다,PosEnv,행복하다
Y를 감싸 안는다,PosEnv,즐겁다
Y를 감싸 안는다,NegEnv,슬프다
Y를 감싸 안는다,NegEnv,걱정하다
Y를 안심시킨다,NegEnv,동정하다
Y를 안심시킨다,NegEnv,유감스럽다
Y를 안아준다,PosEnv,좋아하다
Y를 안아준다,PosEnv,행복하다
Y를 안아준다,NegEnv,동정하다
Y를 안아준다,NegEnv,걱정하다
안절부절 못한다,PosEnv,희망을 품다
안절부절 못한다,PosEnv,기대하다
안절부절 못한다,NegEnv,걱정하다
안절부절 못한다,NegEnv,초조하다
곧은 자세로 앉는다,PosEnv,평안하다
곧은 자세로 앉는다,PosEnv,자부심을 느끼다
곧은 자세로 앉는다,NegEnv,불편하다
다리를 꼬고 앉는다,PosEnv,만족하다
다리를 꼬고 앉는다,PosEnv,긴장하다
다리를 꼬고 앉는다,NegEnv,짜증나다
다리를 꼬고 앉는다,NegEnv,불안하다
다리를 꼬고 앉는다,NegEnv,긴장하다
다리를 넓게 벌리고 앉는다,PosEnv,평안하다
다리를 넓게 벌리고 앉는다,NegEnv,무시하다
다리를 넓게 벌리고 앉는다,NegEnv,반항하다
머리를 뒤로 살짝 젖히고 앉는다,PosEnv,평안하다
머리를 뒤로 살짝 젖히고 앉는다,NegEnv,멸시하다
Y로부터 멀찍이 떨어져 앉는다,NegEnv,초라하다
Y로부터 멀찍이 떨어져 앉는다,NegEnv,불안하다
의자를 바짝 당겨 앉는다,PosEnv,좋아하다
의자를 바짝 당겨 앉는다,PosEnv,기대하다
의자를 바짝 당겨 앉는다,NegEnv,긴장하다
축 처진 자세로 앉는다,NegEnv,걱정하다
축 처진 자세로 앉는다,NegEnv,불안하다
쪼그려 앉는다,PosEnv,부끄럽다
쪼그려 앉는다,NegEnv,슬프다
쪼그려 앉는다,NegEnv,수치스럽다
쪼그려 앉는다,NegEnv,체념하다
쭈그려 앉는다,NegEnv,창피하다
쭈그려 앉는다,NegEnv,위축되다
쭈그려 앉는다,NegEnv,체념하다
Y와 무릎을 맞대고 앉는다,PosEnv,편안하다
Y와 무릎을 맞대고 앉는다,PosEnv,유대감을 느끼다
Y와 무릎을 맞대고 앉는다,NegEnv,슬프다
가만히 앉아있다,PosEnv,평안하다
가만히 앉아있다,NegEnv,고뇌하다
꼼짝하지 않는다,PosEnv,만족스럽다
꼼짝하지 않는다,NegEnv,우울하다
꼼짝하지 않는다,NegEnv,절망하다
눈을 깜빡거리지 않는다,PosEnv,자신감에 차다
눈을 깜빡거리지 않는다,NegEnv,분노하다
눈을 깜빡거리지 않는다,NegEnv,불안하다
눈을 피하지 않는다,PosEnv,자신감에 차다
눈을 피하지 않는다,NegEnv,증오하다
눈을 피하지 않는다,NegEnv,반항하다
대화에 끼어들지 않는다,NegEnv,짜증나다
대화에 끼어들지 않는다,NegEnv,무시하다
머리를 감지 않는다,NegEnv,우울하다
머리를 감지 않는다,NegEnv,초라하다
머리를 감지 않는다,NegEnv,체념하다
머리를 쓰지 않는다,NegEnv,체념하다
무릎을 꿇는 일도 마다치 않는다,PosEnv,존경하다
무릎을 꿇는 일도 마다치 않는다,PosEnv,경외심이 들다
무릎을 꿇는 일도 마다치 않는다,NegEnv,절박하다
물러서지 않는다,PosEnv,자신감에 차다
물러서지 않는다,PosEnv,자부심을 느끼다
물러서지 않는다,NegEnv,반항하다
물러서지 않는다,NegEnv,멸시하다
미소가 떠나지 않는다,PosEnv,즐겁다
미소가 떠나지 않는다,PosEnv,행복하다
사과하지 않는다,NegEnv,분노하다
사과하지 않는다,NegEnv,혐오하다
나서지 않는다,PosEnv,부끄럽다
나서지 않는다,NegEnv,두렵다
시선을 물리지 않는다,NegEnv,반항하다
아무 말도 하지 않는다,PosEnv,수줍다
아무 말도 하지 않는다,NegEnv,절망하다
아무 말도 하지 않는다,NegEnv,체념하다
아무런 반응을 보이지 않는다,NegEnv,우울하다
아무런 반응을 보이지 않는다,NegEnv,초라하다
옷을 갈아입지 않는다,NegEnv,우울하다
옷을 갈아입지 않는다,NegEnv,절망하다
응답하지 않는다,NegEnv,좌절하다
이야기하는 동안 Y와 눈길을 마주치지 않는다,PosEnv,쑥스럽다
이야기하는 동안 Y와 눈길을 마주치지 않는다,NegEnv,위축되다
이야기하는 동안 Y와 눈길을 마주치지 않는다,NegEnv,주저하다
입 밖으로 말이 튀어나오지 않는다,PosEnv,쑥스럽다
입 밖으로 말이 튀어나오지 않는다,PosEnv,놀라다
입 밖으로 말이 튀어나오지 않는다,NegEnv,어이없다
입 밖으로 말이 튀어나오지 않는다,NegEnv,경악하다
음식을 입에도 대지 않는다,NegEnv,불안하다
입은 웃고 있는데 눈은 웃지 않는다,NegEnv,질투하다
자극에 반응하지 않는다,PosEnv,편안하다
자극에 반응하지 않는다,NegEnv,심드렁하다
자극에 반응하지 않는다,NegEnv,반항하다
자극에 반응하지 않는다,NegEnv,체념하다
전혀 머뭇거리지 않는다,PosEnv,행복하다
전혀 머뭇거리지 않는다,NegEnv,분노하다
정면을 보지 않는다,PosEnv,쑥스럽다
정면을 보지 않는다,NegEnv,위축되다
정면을 보지 않는다,NegEnv,초라하다
Y가 끼어들 틈을 주지 않는다,PosEnv,흥분하다
Y가 끼어들 틈을 주지 않는다,NegEnv,무시하다
Y가 끼어들 틈을 주지 않는다,NegEnv,화나다
Y가 끼어들 틈을 주지 않는다,NegEnv,혐오하다
Y가 불러도 대답하지 않는다,NegEnv,우울하다
Y가 불러도 대답하지 않는다,NegEnv,절망하다
Y가 불러도 대답하지 않는다,NegEnv,충격받다
Y를 개의치 않는다,PosEnv,신나다
Y를 개의치 않는다,NegEnv,무시하다
Y를 놓지 않는다,PosEnv,좋아하다
Y를 놓지 않는다,PosEnv,욕정을 느끼다
Y를 놓지 않는다,NegEnv,집착하다
Y에게 맡기지 않는다,NegEnv,불신하다
Y에게 맡기지 않는다,NegEnv,불안하다
Y와 눈을 마주치지 않는다,PosEnv,쑥스럽다
Y와 눈을 마주치지 않는다,NegEnv,위축되다
Y와 눈을 마주치지 않는다,NegEnv,혐오하다
Y와 눈을 마주치지 않는다,NegEnv,주저하다
Y와 마주치려 하지 않는다,PosEnv,부끄럽다
Y와 마주치려 하지 않는다,PosEnv,쑥스럽다
Y와 마주치려 하지 않는다,NegEnv,두렵다
Y와 마주치려 하지 않는다,NegEnv,혐오하다
Y와 마주치려 하지 않는다,NegEnv,불편하다
대답하지 않는다,PosEnv,쑥스럽다
대답하지 않는다,NegEnv,의심하다
대답하지 않는다,NegEnv,불안하다
눈의 초점이 맞지 않다,NegEnv,슬프다
눈의 초점이 맞지 않다,NegEnv,망연자실하다
시선에 아무 감정도 담겨 있지 않다,NegEnv,심드렁하다
움직임이 크지 않다,NegEnv,초라하다
눈빛이 어둡다,NegEnv,우울하다
눈빛이 어둡다,NegEnv,절망하다
눈빛이 어둡다,NegEnv,고통스럽다
표정이 어둡다,NegEnv,슬프다
표정이 어둡다,NegEnv,유감스럽다
표정이 어둡다,NegEnv,절망하다
말문을 여는 게 어렵다,PosEnv,감동받다
말문을 여는 게 어렵다,NegEnv,동정하다
말문을 여는 게 어렵다,NegEnv,당황하다
몸을 가만히 두기가 너무 어렵다,PosEnv,신나다
몸을 가만히 두기가 너무 어렵다,PosEnv,흥분하다
몸을 가만히 두기가 너무 어렵다,NegEnv,걱정하다
몸을 가만히 두기가 너무 어렵다,NegEnv,초조하다
자신의 머릿결을 어루만진다,PosEnv,평안하다
자신의 머릿결을 어루만진다,NegEnv,긴장하다
자신의 턱을 손으로 어루만진다,PosEnv,평안하다
자신의 턱을 손으로 어루만진다,NegEnv,고뇌하다
Y를 어루만진다,PosEnv,욕정을 느끼다
Y를 어루만진다,NegEnv,집착하다
Y를 어루만진다,NegEnv,초조하다
Y를 어루만진다,NegEnv,불안하다
Y의 손을 어루만진다,PosEnv,좋아하다
Y의 손을 어루만진다,NegEnv,쓸쓸하다
Y와 친하게 어울린다,PosEnv,즐겁다
Y와 친하게 어울린다,PosEnv,편안하다
Y의 뒤에서 어정거린다,PosEnv,좋아하다
Y의 뒤에서 어정거린다,PosEnv,수줍다
Y의 뒤에서 어정거린다,NegEnv,위축되다
Y의 뒤에서 어정거린다,NegEnv,초라하다
호흡을 억제한다,PosEnv,놀라다
호흡을 억제한다,NegEnv,당황하다
손을 가슴 위에 얹는다,PosEnv,감동받다
손을 가슴 위에 얹는다,PosEnv,놀라다
손을 가슴 위에 얹는다,PosEnv,고맙다
손을 가슴 위에 얹는다,NegEnv,답답하다
허리춤에 양손을 얹는다,NegEnv,분노하다
허리춤에 양손을 얹는다,NegEnv,화나다
Y의 등에 손을 얹는다,PosEnv,좋아하다
Y의 등에 손을 얹는다,NegEnv,걱정하다
Y의 머리 위에 손을 얹는다,PosEnv,친밀감을 느끼다
Y의 머리 위에 손을 얹는다,NegEnv,아쉽다
Y의 머리 위에 손을 얹는다,NegEnv,애석하다
Y의 어깨에 손을 얹는다,PosEnv,좋아하다
Y의 어깨에 손을 얹는다,PosEnv,유대감을 느끼다
Y의 어깨에 손을 얹는다,NegEnv,동정하다
얼굴이 눈물로 얼룩진다,NegEnv,우울하다
얼굴이 눈물로 얼룩진다,NegEnv,슬프다
얼굴이 눈물로 얼룩진다,NegEnv,절망하다
말을 얼버무린다,PosEnv,쑥스럽다
말을 얼버무린다,NegEnv,의심하다
말을 얼버무린다,NegEnv,당황하다
Y를 얼싸안는다,PosEnv,만족하다
Y를 얼싸안는다,PosEnv,감동받다
순간적으로 몸이 얼어붙는다,PosEnv,긴장하다
순간적으로 몸이 얼어붙는다,PosEnv,놀라다
순간적으로 몸이 얼어붙는다,PosEnv,경외심이 들다
순간적으로 몸이 얼어붙는다,NegEnv,겁에 질리다
순간적으로 몸이 얼어붙는다,NegEnv,긴장하다
순간적으로 몸이 얼어붙는다,NegEnv,충격받다
동공에 초점이 없다,NegEnv,절망하다
동공에 초점이 없다,NegEnv,그리워하다
동공에 초점이 없다,NegEnv,충격받다
시선이 흔들림 없다,PosEnv,확신에 차다
시선이 흔들림 없다,PosEnv,자신감에 차다
시선이 흔들림 없다,NegEnv,분노하다
아무런 표정이 없다,NegEnv,심드렁하다
얼굴에 핏기가 없다,NegEnv,상처받다
얼굴에 핏기가 없다,NegEnv,고통스럽다
조금의 웃음기도 없다,NegEnv,화나다
양팔을 단단히 엇건다,NegEnv,불안하다
물을 자꾸 엎지른다,PosEnv,긴장하다
물을 자꾸 엎지른다,NegEnv,불안하다
물을 자꾸 엎지른다,NegEnv,긴장하다
문을 세차게 여닫는다,NegEnv,분노하다
문을 세차게 여닫는다,NegEnv,화나다
Y에게 연락한다,PosEnv,희망을 품다
Y에게 연락한다,PosEnv,기대하다
Y에게 연락한다,NegEnv,절박하다
Y에게 연락한다,NegEnv,외롭다
감탄사를 연발한다,PosEnv,만족하다
감탄사를 연발한다,PosEnv,기쁘다
감탄사를 연발한다,PosEnv,경외심이 들다
동공이 열린다,PosEnv,좋아하다
동공이 열린다,PosEnv,감동받다
동공이 열린다,PosEnv,흥분하다
동공이 열린다,NegEnv,초조하다
동공이 열린다,NegEnv,불안하다
우편함을 수시로 열어본다,NegEnv,슬프다
우편함을 수시로 열어본다,NegEnv,그리워하다
중요하지 않은 일에 열중한다,PosEnv,도취되다
중요하지 않은 일에 열중한다,PosEnv,흥분하다
중요하지 않은 일에 열중한다,NegEnv,상처받다
중요하지 않은 일에 열중한다,NegEnv,외롭다
중요하지 않은 일에 열중한다,NegEnv,불안하다
몰래 엿듣는다,NegEnv,의심하다
틈새로 엿본다,NegEnv,의심하다
예의주시한다,PosEnv,긴장하다
예의주시한다,NegEnv,의심하다
예의주시한다,NegEnv,불안하다
손가락을 오므린다,PosEnv,긴장하다
손가락을 오므린다,NegEnv,불안하다
손가락을 오므린다,NegEnv,긴장하다
최대한 몸을 오므린다,NegEnv,우울하다
최대한 몸을 오므린다,NegEnv,위축되다
최대한 몸을 오므린다,NegEnv,불신하다
안면 경련이 온다,PosEnv,놀라다
안면 경련이 온다,NegEnv,경악하다
안면 경련이 온다,NegEnv,불안하다
눈썹이 치켜 올라간다,NegEnv,의심하다
눈썹이 치켜 올라간다,NegEnv,혐오하다
뛰어 올라간다,PosEnv,즐겁다
뛰어 올라간다,PosEnv,신나다
뛰어 올라간다,PosEnv,흥분하다
뛰어 올라간다,NegEnv,겁에 질리다
뛰어 올라간다,NegEnv,울분을 느끼다
뛰어 올라간다,NegEnv,분개하다
목소리가 올라간다,PosEnv,즐겁다
목소리가 올라간다,PosEnv,행복하다
목소리가 올라간다,NegEnv,짜증나다
목소리가 올라간다,NegEnv,화나다
무릎에 손을 가만히 올려놓는다,PosEnv,평안하다
머리를 뒤로 젖혀 위를 올려다본다,PosEnv,행복하다
머리를 뒤로 젖혀 위를 올려다본다,NegEnv,울분을 느끼다
하늘을 올려다본다,PosEnv,만족하다
하늘을 올려다본다,PosEnv,희망을 품다
하늘을 올려다본다,PosEnv,안심하다
하늘을 올려다본다,NegEnv,체념하다
Y를 올려다본다,PosEnv,좋아하다
Y를 올려다본다,PosEnv,존경하다
Y를 올려다본다,NegEnv,좌절하다
두 손을 머리 위로 만세한다,PosEnv,평안하다
소매를 걷어 올린다,PosEnv,자신감이 있다
소매를 걷어 올린다,NegEnv,분노하다
소매를 걷어 올린다,NegEnv,화나다
소매를 걷어 올린다,NegEnv,당황하다
손으로 눈꼬리를 밀어 올린다,NegEnv,분노하다
손으로 눈꼬리를 밀어 올린다,NegEnv,혐오하다
손을 무릎에 올린다,PosEnv,평안하다
지퍼를 억지로 잡아 올린다,NegEnv,짜증나다
지퍼를 억지로 잡아 올린다,NegEnv,경계하다
큰절을 올린다,PosEnv,고맙다
큰절을 올린다,PosEnv,존경하다
큰절을 올린다,PosEnv,경외심이 들다
큰절을 올린다,NegEnv,두렵다
턱을 들어 올린다,PosEnv,자부심을 느끼다
턱을 들어 올린다,NegEnv,불신하다
턱을 들어 올린다,NegEnv,의심하다
턱을 들어 올린다,NegEnv,반항하다
하늘을 향해 두 팔을 들어 올린다,PosEnv,신나다
하늘을 향해 두 팔을 들어 올린다,NegEnv,울분을 느끼다
하늘을 향해 두 팔을 들어 올린다,NegEnv,고통스럽다
발걸음을 천천히 옮긴다,PosEnv,편안하다
발걸음을 천천히 옮긴다,NegEnv,슬프다
발걸음을 천천히 옮긴다,NegEnv,유감스럽다
발걸음을 천천히 옮긴다,NegEnv,그리워하다
발걸음을 힘들게 옮긴다,NegEnv,두렵다
발걸음을 힘들게 옮긴다,NegEnv,자책하다
발걸음을 힘들게 옮긴다,NegEnv,혐오하다
의자를 옮긴다,NegEnv,불안하다
Y를 외면한다,PosEnv,부끄럽다
Y를 외면한다,PosEnv,쑥스럽다
Y를 외면한다,NegEnv,심드렁하다
Y를 외면한다,NegEnv,혐오하다
Y를 외면한다,NegEnv,충격받다
머리를 감싸쥐며 외친다,PosEnv,경탄하다
머리를 감싸쥐며 외친다,NegEnv,혼란스럽다
하늘을 우러러본다,PosEnv,행복하다
하늘을 우러러본다,PosEnv,신나다
우왕좌왕한다,NegEnv,슬프다
우왕좌왕한다,NegEnv,고뇌하다
우쭐댄다,PosEnv,만족하다
우쭐댄다,PosEnv,즐겁다
우쭐댄다,NegEnv,무시하다
목놓아 운다,NegEnv,슬프다
목놓아 운다,NegEnv,망연자실하다
어깨를 들썩이며 운다,NegEnv,슬프다
어깨를 들썩이며 운다,NegEnv,좌절하다
흐느껴 운다,PosEnv,안도하다
흐느껴 운다,PosEnv,감동받다
흐느껴 운다,NegEnv,절망하다
흐느껴 운다,NegEnv,겁에 질리다
울먹인다,NegEnv,수치스럽다
울먹인다,NegEnv,두렵다
울먹인다,NegEnv,소름이 끼치다
울부짖는다,NegEnv,초라하다
기민하게 움직인다,NegEnv,조급하다
날렵하게 움직인다,PosEnv,긴장하다
날렵하게 움직인다,NegEnv,긴장하다
날렵하게 움직인다,NegEnv,불안하다
날렵하게 움직인다,NegEnv,경계하다
신중하게 움직인다,NegEnv,분노하다
조심스럽게 움직인다,NegEnv,긴장하다
눈을 바쁘게 움직인다,NegEnv,불안하다
느릿느릿하게 움직인다,PosEnv,좋아하다
느릿느릿하게 움직인다,PosEnv,만족하다
느릿느릿하게 움직인다,NegEnv,반항하다
느릿느릿하게 움직인다,NegEnv,피로하다
바쁘게 움직인다,NegEnv,조급하다
살금살금 움직인다,PosEnv,재미있다
살금살금 움직인다,NegEnv,경계하다
최소한으로만 몸을 움직인다,NegEnv,우울하다
Y의 손길만 닿아도 움찔거린다,PosEnv,욕정을 느끼다
Y의 손길만 닿아도 움찔거린다,NegEnv,겁에 질리다
Y의 손길만 닿아도 움찔거린다,NegEnv,불안하다
Y의 손길만 닿아도 움찔거린다,NegEnv,당황하다
몸을 자주 움찔움찔한다,PosEnv,긴장하다
몸을 자주 움찔움찔한다,NegEnv,두렵다
몸을 자주 움찔움찔한다,NegEnv,긴장하다
자기도 모르게 움찔한다,PosEnv,쑥스럽다
자기도 모르게 움찔한다,PosEnv,긴장하다
자기도 모르게 움찔한다,NegEnv,두렵다
자기도 모르게 움찔한다,NegEnv,긴장하다
가슴이 한껏 움츠러든다,NegEnv,초라하다
가슴이 한껏 움츠러든다,NegEnv,두렵다
목이 움츠러든다,NegEnv,상처받다
목이 움츠러든다,NegEnv,두렵다
어깨가 움츠러든다,NegEnv,위축되다
자세가 잔뜩 움츠러든다,PosEnv,놀라다
자세가 잔뜩 움츠러든다,NegEnv,위축되다
자세가 잔뜩 움츠러든다,NegEnv,자책하다
목을 움츠린다,NegEnv,위축되다
목을 움츠린다,NegEnv,절망하다
몸을 움츠린다,NegEnv,위축되다
몸을 움츠린다,NegEnv,두렵다
몸을 잔뜩 움츠린다,NegEnv,초라하다
몸을 잔뜩 움츠린다,NegEnv,체념하다
몸을 잔뜩 움츠린다,NegEnv,두렵다
자세를 움츠린다,NegEnv,위축되다
자세를 움츠린다,NegEnv,두렵다
자세를 움츠린다,NegEnv,소름이 끼치다
아랫배를 움켜잡는다,PosEnv,긴장하다
아랫배를 움켜잡는다,NegEnv,불안하다
아랫배를 움켜잡는다,NegEnv,긴장하다
Y의 팔을 꽉 움켜잡는다,PosEnv,욕정을 느끼다
Y의 팔을 꽉 움켜잡는다,NegEnv,분노하다
머리를 움켜쥔다,NegEnv,짜증나다
주먹을 움켜쥔다,NegEnv,울분을 느끼다
옆구리를 움켜쥔다,PosEnv,유쾌하다
옆구리를 움켜쥔다,PosEnv,재미있다
옆구리를 움켜쥔다,NegEnv,고통스럽다
자신의 머리채를 움켜쥔다,NegEnv,울분을 느끼다
자신의 머리채를 움켜쥔다,NegEnv,분개하다
자신의 손목을 꽉 움켜쥔다,NegEnv,불안하다
목이 쉰 소리로 웃는다,PosEnv,신나다
목이 쉰 소리로 웃는다,NegEnv,우울하다
몸을 들썩이며 웃는다,PosEnv,즐겁다
몸을 들썩이며 웃는다,PosEnv,신나다
바보 같이 웃는다,PosEnv,행복하다
바보 같이 웃는다,PosEnv,기쁘다
보통 때보다 훨씬 오래 웃는다,PosEnv,행복하다
보통 때보다 훨씬 오래 웃는다,PosEnv,재미있다
평소보다 자주 웃는다,PosEnv,만족하다
해맑게 웃는다,PosEnv,기쁘다
혼자 실실 웃는다,PosEnv,만족하다
혼자 실실 웃는다,PosEnv,통쾌하다
혼자 실실 웃는다,NegEnv,열받다
히죽히죽 웃는다,PosEnv,좋아하다
히죽히죽 웃는다,PosEnv,신나다
히죽히죽 웃는다,PosEnv,통쾌하다
히죽히죽 웃는다,NegEnv,무시하다
Y의 농담에 실실 웃는다,PosEnv,좋아하다
Y의 농담에 실실 웃는다,PosEnv,재미있다
Y의 농담에 실실 웃는다,NegEnv,어이없다
가식적으로 웃는다,NegEnv,무시하다
가식적으로 웃는다,NegEnv,경멸하다
과장되게 웃는다,PosEnv,흥분하다
과장되게 웃는다,NegEnv,무시하다
혼잣말을 웅얼거린다,PosEnv,희망을 품다
혼잣말을 웅얼거린다,NegEnv,아쉽다
혼잣말을 웅얼거린다,NegEnv,쓸쓸하다
혼잣말을 웅얼거린다,NegEnv,걱정하다
몸을 잔뜩 웅크린다,NegEnv,우울하다
몸을 잔뜩 웅크린다,NegEnv,수치스럽다
몸을 잔뜩 웅크린다,NegEnv,위축되다
어깨를 웅크린다,NegEnv,두렵다
웅크린다,NegEnv,창피하다
웅크린다,NegEnv,부끄럽다
웅크린다,NegEnv,수치스럽다
Y를 위협한다,NegEnv,분노하다
Y를 위협한다,NegEnv,두렵다
Y를 위협한다,NegEnv,혐오하다
Y에게 윙크한다,PosEnv,만족하다
Y에게 윙크한다,PosEnv,친밀감을 느끼다
Y에게 윙크한다,PosEnv,기쁘다
바른 자세를 유지한다,PosEnv,평안하다
바른 자세를 유지한다,PosEnv,자부심을 느끼다
바른 자세를 유지한다,PosEnv,긴장하다
바른 자세를 유지한다,NegEnv,저항하다
바른 자세를 유지한다,NegEnv,긴장하다
Y와 일정한 거리를 유지한다,NegEnv,혐오하다
Y와 일정한 거리를 유지한다,NegEnv,멸시하다
꼿꼿한 자세를 유지한다,PosEnv,확신에 차다
꼿꼿한 자세를 유지한다,NegEnv,긴장하다
으스댄다,NegEnv,질투하다
손바닥을 펼쳐 보이며 어깨를 으쓱한다,PosEnv,희망을 품다
손바닥을 펼쳐 보이며 어깨를 으쓱한다,NegEnv,무시하다
눈을 크게 뜬 상태로 Y를 응시한다,PosEnv,좋아하다
눈을 크게 뜬 상태로 Y를 응시한다,PosEnv,호기심이 생기다
눈을 크게 뜬 상태로 Y를 응시한다,PosEnv,열망하다
눈을 크게 뜬 상태로 Y를 응시한다,NegEnv,경악하다
Y를 강렬하게 응시한다,PosEnv,욕정을 느끼다
Y를 강렬하게 응시한다,NegEnv,증오하다
Y를 강렬하게 응시한다,NegEnv,반항하다
Y를 뚫어져라 응시한다,PosEnv,존경하다
Y를 뚫어져라 응시한다,PosEnv,경외심이 들다
Y를 뚫어져라 응시한다,NegEnv,분노하다
Y를 뚫어져라 응시한다,NegEnv,싫어하다
Y를 뚫어져라 응시한다,NegEnv,멸시하다
Y를 열렬히 응시한다,PosEnv,욕정을 느끼다
Y를 열렬히 응시한다,NegEnv,집착하다
Y의 눈을 똑바로 응시한다,PosEnv,신뢰하다
Y의 눈을 똑바로 응시한다,NegEnv,증오하다
Y의 눈을 똑바로 응시한다,NegEnv,반항하다
술에 의존한다,NegEnv,불안하다
약물에 의존한다,NegEnv,불안하다
카페인에 의존한다,NegEnv,초조하다
카페인에 의존한다,NegEnv,불안하다
Y에게 몸을 의지한다,PosEnv,친밀감을 느끼다
Y에게 몸을 의지한다,NegEnv,실망하다
Y에게 몸을 의지한다,NegEnv,좌절하다
Y에게 몸을 의지한다,NegEnv,충격받다
눈빛이 이글거린다,PosEnv,욕망하다
눈빛이 이글거린다,PosEnv,기대하다
눈빛이 이글거린다,NegEnv,분노하다
눈빛이 이글거린다,NegEnv,화나다
시선이 이글거린다,PosEnv,열망하다
시선이 이글거린다,NegEnv,분노하다
이죽거린다,PosEnv,기쁘다
이죽거린다,PosEnv,통쾌하다
이죽거린다,NegEnv,혐오하다
이죽거린다,NegEnv,멸시하다
머리 숙여 인사한다,PosEnv,고맙다
머리 숙여 인사한다,NegEnv,두려워하다
잘못을 인정한다,PosEnv,누그러지다
잘못을 인정한다,NegEnv,체념하다
단조로운 목소리로 말한다,PosEnv,편안하다
단조로운 목소리로 말한다,NegEnv,심드렁하다
입을 일그러뜨린다,NegEnv,분노하다
입을 일그러뜨린다,NegEnv,멸시하다
모욕적 언행을 일삼는다,NegEnv,멸시하다
모욕적 언행을 일삼는다,NegEnv,경멸하다
험담을 일삼는다,PosEnv,고소해하다
험담을 일삼는다,NegEnv,싫어하다
험담을 일삼는다,NegEnv,증오하다
쓰러지고 곧바로 일어선다,PosEnv,희망을 가지다
쓰러지고 곧바로 일어선다,NegEnv,당황하다
경련을 일으킨다,PosEnv,놀라다
경련을 일으킨다,NegEnv,두렵다
경련을 일으킨다,NegEnv,소름이 끼치다
경련을 일으킨다,NegEnv,불안하다
입을 다물고만 있는다,NegEnv,충격받다
헝클어진 머리로 있는다,NegEnv,우울하다
헝클어진 머리로 있는다,NegEnv,절망하다
헝클어진 머리로 있는다,NegEnv,낙담하다
경직된 자세로 있다,PosEnv,쑥스럽다
경직된 자세로 있다,PosEnv,놀라다
경직된 자세로 있다,PosEnv,긴장하다
경직된 자세로 있다,NegEnv,분노하다
경직된 자세로 있다,NegEnv,긴장하다
경직된 자세로 있다,NegEnv,체념하다
눈가에 물기를 머금고 있다,PosEnv,감동받다
눈가에 물기를 머금고 있다,NegEnv,슬프다
눈가에 물기를 머금고 있다,NegEnv,고통스럽다
눈이 붉게 물들어 있다,PosEnv,감동받다
눈이 붉게 물들어 있다,NegEnv,우울하다
눈이 붉게 물들어 있다,NegEnv,슬프다
눈이 붉게 물들어 있다,NegEnv,걱정하다
달뜬 얼굴을 하고 있다,PosEnv,즐겁다
달뜬 얼굴을 하고 있다,PosEnv,욕정을 느끼다
달뜬 얼굴을 하고 있다,PosEnv,행복하다
다리를 아무렇게나 벌리고 있다,PosEnv,평안하다
다리를 아무렇게나 벌리고 있다,NegEnv,절망하다
다리를 아무렇게나 벌리고 있다,NegEnv,낙담하다
떨떠름한 표정으로 있다,PosEnv,감동받다
떨떠름한 표정으로 있다,PosEnv,놀라다
떨떠름한 표정으로 있다,PosEnv,긴장하다
떨떠름한 표정으로 있다,NegEnv,긴장하다
떨떠름한 표정으로 있다,NegEnv,불안하다
떨떠름한 표정으로 있다,NegEnv,충격받다
맥 빠진 자세로 있다,PosEnv,안도하다
맥 빠진 자세로 있다,PosEnv,안심하다
맥 빠진 자세로 있다,NegEnv,초라하다
맥 빠진 자세로 있다,NegEnv,두렵다
머리를 똑바로 세우고 있다,PosEnv,자부심을 느끼다
머리를 똑바로 세우고 있다,NegEnv,무시하다
머리를 똑바로 세우고 있다,NegEnv,반항하다
머리를 비스듬히 기울이고 있다,PosEnv,안도하다
머리를 비스듬히 기울이고 있다,NegEnv,무시하다
머리를 비스듬히 기울이고 있다,NegEnv,반항하다
멍한 얼굴을 하고 있다,NegEnv,체념하다
멍한 표정으로 굳어 있다,NegEnv,당황하다
목소리가 촉촉하게 젖어 있다,PosEnv,욕정을 느끼다
목소리가 촉촉하게 젖어 있다,NegEnv,동정하다
목소리가 촉촉하게 젖어 있다,NegEnv,슬프다
목소리가 촉촉하게 젖어 있다,NegEnv,그리워하다
목에 잔뜩 힘이 들어가 있다,NegEnv,분개하다
목에 잔뜩 힘이 들어가 있다,NegEnv,울분을 느끼다
목에 잔뜩 힘이 들어가 있다,NegEnv,멸시하다
목에 힘줄이 불거져 있다,PosEnv,흥분하다
목에 힘줄이 불거져 있다,NegEnv,분노하다
목에 힘줄이 불거져 있다,NegEnv,증오하다
목에 힘줄이 불거져 있다,NegEnv,짜증나다
목이 잔뜩 굳어 있다,PosEnv,쑥스럽다
목이 잔뜩 굳어 있다,PosEnv,긴장하다
목이 잔뜩 굳어 있다,NegEnv,화나다
목이 잔뜩 굳어 있다,NegEnv,경멸하다
목이 잔뜩 굳어 있다,NegEnv,긴장하다
몸이 기울어져 있다,NegEnv,무시하다
몸이 기울어져 있다,NegEnv,반항하다
무릎이 굳어 있다,PosEnv,긴장하다
무릎이 굳어 있다,NegEnv,두렵다
무릎이 굳어 있다,NegEnv,긴장하다
무릎이 굳어 있다,NegEnv,충격받다
상체가 앞으로 향해 있다,PosEnv,좋아하다
상체가 앞으로 향해 있다,PosEnv,자신감이 있다
상체가 앞으로 향해 있다,NegEnv,집착하다
손을 주머니에 넣고 있다,NegEnv,초라하다
손을 주머니에 넣고 있다,NegEnv,초조하다
손을 주머니에 넣고 있다,NegEnv,불안하다
눈이 축축이 젖어 있다,PosEnv,긴장하다
눈이 축축이 젖어 있다,NegEnv,겁에 질리다
눈이 축축이 젖어 있다,NegEnv,두렵다
눈이 축축이 젖어 있다,NegEnv,긴장하다
시무룩하게 앉아 있다,NegEnv,우울하다
시무룩하게 앉아 있다,NegEnv,절망하다
시선이 Y에 고정되어 있다,PosEnv,욕정을 느끼다
시선이 Y에 고정되어 있다,NegEnv,걱정하다
시선이 Y에 고정되어 있다,NegEnv,불안하다
턱이 느슨하게 벌어져 있다,NegEnv,체념하다
양팔을 옆으로 늘어뜨리고 있다,NegEnv,절망하다
양팔을 옆으로 늘어뜨리고 있다,NegEnv,낙담하다
어깨가 딱 벌어져 있다,PosEnv,자부심을 느끼다
어깨가 딱 벌어져 있다,NegEnv,반항하다
어깨가 굽어 있다,NegEnv,아쉽다
어깨가 잔뜩 굳어 있다,PosEnv,놀라다
어깨가 잔뜩 굳어 있다,PosEnv,긴장하다
어깨가 잔뜩 굳어 있다,NegEnv,위축되다
어깨가 잔뜩 굳어 있다,NegEnv,겁에 질리다
어깨가 잔뜩 굳어 있다,NegEnv,긴장하다
어깨가 잔뜩 뭉쳐 있다,PosEnv,긴장하다
어깨가 잔뜩 뭉쳐 있다,NegEnv,위축되다
어깨가 잔뜩 뭉쳐 있다,NegEnv,긴장하다
어깨가 축 처져 있다,NegEnv,우울하다
어깨가 축 처져 있다,NegEnv,상처받다
어깨가 푹 꺼져 있다,NegEnv,실망하다
어깨가 푹 꺼져 있다,NegEnv,낙담하다
어깨에 힘이 들어가 있다,PosEnv,자부심을 느끼다
어깨에 힘이 들어가 있다,NegEnv,분개하다
얼굴이 굳어 있다,NegEnv,화나다
얼굴이 부어 있다,NegEnv,삐지다
오랫동안 Y의 손을 잡고 있다,PosEnv,좋아하다
오랫동안 Y의 손을 잡고 있다,PosEnv,만족하다
오랫동안 Y의 손을 잡고 있다,PosEnv,고맙다
오랫동안 Y의 손을 잡고 있다,NegEnv,걱정하다
우두커니 서 있다,NegEnv,초라하다
이완된 자세로 있다,PosEnv,편안하다
이완된 자세로 있다,PosEnv,안심하다
이완된 자세로 있다,NegEnv,그리워하다
입가에 침이 고여 있다,PosEnv,흥분하다
입가에 침이 고여 있다,NegEnv,분노하다
입가에 하얗게 튼 자국이 있다,NegEnv,지치다
입꼬리가 밑으로 처져 있다,NegEnv,우울하다
입꼬리가 밑으로 처져 있다,NegEnv,초라하다
입술이 일그러져 있다,NegEnv,분노하다
자세가 심하게 위축되어 있다,PosEnv,긴장하다
자세가 심하게 위축되어 있다,NegEnv,초라하다
자세가 심하게 위축되어 있다,NegEnv,자책하다
자세가 심하게 위축되어 있다,NegEnv,긴장하다
자신의 심장에 주먹을 한동안 갖다 대고 있다,PosEnv,설레다
자신의 심장에 주먹을 한동안 갖다 대고 있다,NegEnv,고뇌하다
잔뜩 경직된 태도로 있다,PosEnv,긴장하다
잔뜩 경직된 태도로 있다,NegEnv,불편하다
잔뜩 경직된 태도로 있다,NegEnv,긴장하다
장난기가 어려 있다,PosEnv,즐겁다
장난기가 어려 있다,PosEnv,평안하다
장난기가 어려 있다,PosEnv,친밀감을 느끼다
장난기가 어려 있다,NegEnv,무시하다
종일 누워 있다,PosEnv,편안하다
종일 누워 있다,NegEnv,우울하다
종일 누워 있다,NegEnv,초라하다
최대한 몸을 오므린 자세로 누워 있다,NegEnv,위축되다
최대한 몸을 오므린 자세로 누워 있다,NegEnv,절망하다
최대한 몸을 오므린 자세로 누워 있다,NegEnv,충격받다
축 처진 모습으로 의자에 파묻혀 있다,NegEnv,슬프다
축 처진 모습으로 의자에 파묻혀 있다,NegEnv,망연자실하다
턱을 앙다물고 있다,NegEnv,분노하다
턱을 앙다물고 있다,NegEnv,반항하다
턱을 잔뜩 아래로 당기고 있다,PosEnv,흥분하다
턱을 잔뜩 아래로 당기고 있다,NegEnv,슬프다
턱을 잔뜩 아래로 당기고 있다,NegEnv,역겨워하다
턱을 잔뜩 아래로 당기고 있다,NegEnv,고뇌하다
팔을 괴고 있다,PosEnv,평안하다
팔을 괴고 있다,PosEnv,안정을 찾다
팔을 괴고 있다,NegEnv,고민하다
풀 죽은 자세로 앉아 있다,NegEnv,우울하다
풀 죽은 자세로 앉아 있다,NegEnv,실망하다
풀 죽은 자세로 앉아 있다,NegEnv,낙담하다
물건을 애써 감추고 있다,NegEnv,초조하다
물건을 애써 감추고 있다,NegEnv,불안하다
Y에 시선이 꽂혀 있다,PosEnv,희망을 품다
Y에 시선이 꽂혀 있다,PosEnv,욕정을 느끼다
Y에 시선이 꽂혀 있다,NegEnv,증오하다
Y에 시선이 꽂혀 있다,NegEnv,반항하다
기우뚱한 자세로 서 있다,NegEnv,심드렁하다
턱을 푹 수그리고 있다,NegEnv,망연자실하다
턱을 푹 수그리고 있다,NegEnv,좌절하다
할 말을 잊어버린다,PosEnv,쑥스럽다
할 말을 잊어버린다,NegEnv,불안하다
할 말을 잊어버린다,NegEnv,충격받다
말을 자른다,NegEnv,화나다
뒤쪽으로 자리한다,NegEnv,위축되다
뒤쪽으로 자리한다,NegEnv,초라하다
뒤쪽으로 자리한다,NegEnv,두렵다
살짝 비스듬히 자리한다,NegEnv,초라하다
자해한다,NegEnv,두렵다
목소리가 갑자기 작아진다,NegEnv,아쉽다
목소리가 갑자기 작아진다,NegEnv,불안하다
목소리가 작아진다,PosEnv,안정을 찾다
목소리가 작아진다,NegEnv,위축되다
목소리가 작아진다,NegEnv,부끄럽다
목소리가 작아진다,NegEnv,유감스럽다
얕은 잠을 잔다,NegEnv,혐오하다
얕은 잠을 잔다,NegEnv,불편하다
잠을 오래 잔다,PosEnv,평안하다
잠을 오래 잔다,NegEnv,우울하다
잠을 오래 잔다,NegEnv,절망하다
태아처럼 웅크린 자세로 잔다,PosEnv,안도하다
태아처럼 웅크린 자세로 잔다,PosEnv,평안하다
태아처럼 웅크린 자세로 잔다,NegEnv,쓸쓸하다
태아처럼 웅크린 자세로 잔다,NegEnv,외롭다
태아처럼 웅크린 자세로 잔다,NegEnv,체념하다
Y에게 잔소리한다,PosEnv,유대감을 느끼다
Y에게 잔소리한다,NegEnv,무시하다
Y에게 잔소리한다,NegEnv,걱정하다
Y에게 잔소리한다,NegEnv,불안하다
깊은 사색에 잠긴다,NegEnv,망연자실하다
깊은 사색에 잠긴다,NegEnv,걱정하다
잠적한다,NegEnv,실망하다
꼬투리를 잡는다,NegEnv,혐오하다
꼬투리를 잡는다,NegEnv,반항하다
꼬투리를 잡는다,NegEnv,불편하다
손을 잡는다,PosEnv,좋아하다
손을 잡는다,PosEnv,기쁘다
손을 잡는다,NegEnv,아쉽다
Y의 두 손을 꽉 잡는다,PosEnv,좋아하다
Y의 두 손을 꽉 잡는다,PosEnv,유대감을 느끼다
Y의 두 손을 꽉 잡는다,NegEnv,불안하다
Y의 손을 잡는다,PosEnv,좋아하다
Y의 손을 잡는다,PosEnv,친밀감을 느끼다
Y의 손을 잡는다,NegEnv,동정하다
Y의 팔을 잡는다,PosEnv,좋아하다
Y의 팔을 잡는다,PosEnv,놀라다
Y의 팔을 잡는다,NegEnv,분노하다
잡담한다,PosEnv,희망을 품다
잡담한다,PosEnv,친밀감을 느끼다
잡담한다,NegEnv,불안하다
손을 잡아끈다,PosEnv,좋아하다
손을 잡아끈다,PosEnv,자신감이 있다
손을 잡아끈다,NegEnv,분노하다
손을 잡아끈다,NegEnv,화나다
Y의 소매를 잡아끈다,PosEnv,긴장하다
Y의 소매를 잡아끈다,NegEnv,불안하다
Y의 소매를 잡아끈다,NegEnv,긴장하다
괜시리 옷을 잡아당긴다,PosEnv,좋아하다
괜시리 옷을 잡아당긴다,PosEnv,쑥스럽다
괜시리 옷을 잡아당긴다,PosEnv,부러워하다
괜시리 옷을 잡아당긴다,NegEnv,창피하다
괜시리 옷을 잡아당긴다,NegEnv,불안하다
머리를 잡아당긴다,NegEnv,짜증나다
머리카락을 잡아당긴다,NegEnv,짜증나다
소매를 잡아당긴다,PosEnv,설레다
소매를 잡아당긴다,NegEnv,불안하다
손으로 귓불을 잡아당긴다,NegEnv,심드렁하다
손으로 눈썹을 잡아당긴다,NegEnv,역겨워하다
손으로 눈썹을 잡아당긴다,NegEnv,혐오하다
자꾸 자신의 머리카락을 잡아당긴다,NegEnv,고뇌하다
자꾸 자신의 머리카락을 잡아당긴다,NegEnv,짜증나다
잔뜩 눈살을 찌푸려 이마에 주름이 잡힌다,NegEnv,혐오하다
잔뜩 눈살을 찌푸려 이마에 주름이 잡힌다,NegEnv,짜증나다
잔뜩 눈살을 찌푸려 이마에 주름이 잡힌다,NegEnv,걱정하다
반응이 잦아든다,PosEnv,안정을 찾다
반응이 잦아든다,NegEnv,체념하다
흡연이 잦아진다,NegEnv,걱정하다
흡연이 잦아진다,NegEnv,초조하다
흡연이 잦아진다,NegEnv,불안하다
Y를 재촉한다,PosEnv,신나다
Y를 재촉한다,PosEnv,흥분하다
Y를 재촉한다,NegEnv,짜증나다
잘못을 저격한다,NegEnv,슬프다
잘못을 저격한다,NegEnv,혐오하다
실수를 자주 저지른다,NegEnv,분노하다
실수를 자주 저지른다,NegEnv,좌절하다
손가락으로 허공에 뭔가를 적는다,PosEnv,신나다
손가락으로 허공에 뭔가를 적는다,NegEnv,고민하다
말수가 적다,PosEnv,수줍다
말수가 적다,NegEnv,우울하다
평소보다 말수가 적어진다,PosEnv,평안하다
평소보다 말수가 적어진다,NegEnv,우울하다
평소보다 말수가 적어진다,NegEnv,걱정하다
평소보다 말수가 적어진다,NegEnv,불안하다
Y에게 고마움을 전한다,PosEnv,만족하다
Y에게 고마움을 전한다,PosEnv,고맙다
Y에게 전화한다,PosEnv,희망에 차다
Y에게 전화한다,PosEnv,흥분하다
Y에게 전화한다,NegEnv,절박하다
Y에게 전화한다,NegEnv,외롭다
조심스럽게 접근한다,PosEnv,희망을 가지다
조심스럽게 접근한다,NegEnv,걱정하다
조심스럽게 셔츠의 깃을 접는다,NegEnv,창피하다
조심스럽게 셔츠의 깃을 접는다,NegEnv,수치스럽다
몸을 반으로 접다,PosEnv,존경하다
몸을 반으로 접다,PosEnv,경외심이 들다
몸을 반으로 접다,NegEnv,망연자실하다
정색한다,NegEnv,짜증나다
정색한다,NegEnv,화나다
손바닥이 땀에 젖는다,PosEnv,기대하다
손바닥이 땀에 젖는다,PosEnv,긴장하다
손바닥이 땀에 젖는다,NegEnv,걱정하다
손바닥이 땀에 젖는다,NegEnv,불안하다
손바닥이 땀에 젖는다,NegEnv,긴장하다
손바닥이 땀으로 축축이 젖는다,PosEnv,기대하다
손바닥이 땀으로 축축이 젖는다,PosEnv,긴장하다
손바닥이 땀으로 축축이 젖는다,NegEnv,걱정하다
손바닥이 땀으로 축축이 젖는다,NegEnv,불안하다
손바닥이 땀으로 축축이 젖는다,NegEnv,긴장하다
고개를 뒤로 젖힌다,PosEnv,놀라다
고개를 뒤로 젖힌다,NegEnv,위축되다
고개를 뒤로 젖힌다,NegEnv,초라하다
고개를 뒤로 젖힌다,NegEnv,혐오하다
머리를 뒤로 젖힌다,PosEnv,평안하다
머리를 뒤로 젖힌다,PosEnv,안심하다
머리를 뒤로 젖힌다,NegEnv,무시하다
상체를 뒤로 젖힌다,PosEnv,평안하다
상체를 뒤로 젖힌다,PosEnv,기쁘다
상체를 뒤로 젖힌다,NegEnv,애석하다
상체를 뒤로 젖힌다,NegEnv,혐오하다
조롱한다,PosEnv,고소해하다
조롱한다,PosEnv,기쁘다
조롱한다,NegEnv,분노하다
조롱한다,NegEnv,좌절하다
Y의 목을 조른다,NegEnv,분노하다
Y의 목을 조른다,NegEnv,증오하다
말이 없고 조용하다,PosEnv,안정을 찾다
말이 없고 조용하다,NegEnv,우울하다
갑자기 조용해진다,PosEnv,긴장하다
갑자기 조용해진다,NegEnv,긴장하다
갑자기 조용해진다,NegEnv,소름이 끼치다
갑자기 조용해진다,NegEnv,경계하다
호흡을 조절한다,PosEnv,흥분하다
호흡을 조절한다,NegEnv,두렵다
Y와 거리를 좁힌다,PosEnv,좋아하다
Y와 거리를 좁힌다,PosEnv,호기심이 생기다
Y와 거리를 좁힌다,NegEnv,의심하다
Y와 거리를 좁힌다,NegEnv,화나다
종종거린다,PosEnv,설레다
종종거린다,PosEnv,기대하다
종종거린다,PosEnv,긴장하다
종종거린다,NegEnv,긴장하다
안색이 좋다,PosEnv,행복하다
행사를 주도한다,PosEnv,만족하다
행사를 주도한다,PosEnv,즐겁다
대화를 주도해간다,PosEnv,편안하다
목을 주무른다,NegEnv,불안하다
무릎을 주무른다,NegEnv,절망하다
무릎을 주무른다,NegEnv,불안하다
팔목을 주무른다,PosEnv,평안하다
팔목을 주무른다,NegEnv,불안하다
Y의 어깨를 주물러준다,PosEnv,좋아하다
Y의 어깨를 주물러준다,NegEnv,걱정하다
팔짱을 끼고 자신의 팔뚝을 주물럭거린다,PosEnv,쑥스럽다
팔짱을 끼고 자신의 팔뚝을 주물럭거린다,NegEnv,심드렁하다
날카롭게 주시한다,NegEnv,거슬리다
살며시 고개를 주억거린다,PosEnv,존경하다
살며시 고개를 주억거린다,PosEnv,수긍하다
살며시 고개를 주억거린다,NegEnv,긴장하다
서둘러 고개를 주억거린다,PosEnv,희망을 가지다
서둘러 고개를 주억거린다,NegEnv,겁에 질리다
천천히 고개를 주억거린다,PosEnv,수긍하다
천천히 고개를 주억거린다,NegEnv,체념하다
바닥에 털썩 주저앉는다,PosEnv,안도하다
바닥에 털썩 주저앉는다,PosEnv,안심하다
바닥에 털썩 주저앉는다,NegEnv,충격받다
양손으로 얼굴을 감싼 채 주저앉는다,PosEnv,감동받다
양손으로 얼굴을 감싼 채 주저앉는다,NegEnv,슬프다
양손으로 얼굴을 감싼 채 주저앉는다,NegEnv,망연자실하다
의자에 털썩 주저앉는다,PosEnv,안도하다
의자에 털썩 주저앉는다,PosEnv,안심하다
의자에 털썩 주저앉는다,PosEnv,감동받다
의자에 털썩 주저앉는다,NegEnv,실망하다
의자에 털썩 주저앉는다,NegEnv,걱정하다
의자에 털썩 주저앉는다,NegEnv,낙담하다
철퍼덕 주저앉는다,PosEnv,놀라다
철퍼덕 주저앉는다,NegEnv,두렵다
철퍼덕 주저앉는다,NegEnv,경악하다
철퍼덕 주저앉는다,NegEnv,충격받다
주저한다,PosEnv,쑥스럽다
주저한다,NegEnv,의심하다
주저한다,NegEnv,두렵다
주절거린다,PosEnv,신나다
주절거린다,PosEnv,놀라다
주절거린다,NegEnv,조급하다
주절거린다,NegEnv,당황하다
욕을 주절거린다,NegEnv,분개하다
욕을 주절거린다,NegEnv,억울하다
욕을 주절거린다,NegEnv,시기하다
울먹이며 혼잣말을 주절거린다,PosEnv,안도하다
울먹이며 혼잣말을 주절거린다,NegEnv,슬프다
울먹이며 혼잣말을 주절거린다,NegEnv,자책하다
울먹이며 혼잣말을 주절거린다,NegEnv,절망하다
주춤한다,PosEnv,놀라다
주춤한다,NegEnv,주저하다
주춤한다,NegEnv,불안하다
주춤한다,NegEnv,당황하다
눈의 깜빡거림이 줄어든다,PosEnv,평안하다
눈의 깜빡거림이 줄어든다,NegEnv,혼란스럽다
눈의 깜빡거림이 줄어든다,NegEnv,경악하다
눈의 깜빡거림이 줄어든다,NegEnv,충격받다
활동성이 줄어든다,NegEnv,우울하다
활동성이 줄어든다,NegEnv,체념하다
뭔가를 하려다가 중단한다,PosEnv,놀라다
뭔가를 하려다가 중단한다,NegEnv,충격받다
중얼거린다,NegEnv,걱정하다
중얼거린다,NegEnv,불안하다
입술을 쥐어뜯는다,NegEnv,화나다
머리를 감싸 쥔다,NegEnv,짜증나다
머리를 감싸 쥔다,NegEnv,낙담하다
손을 꽉 쥔다,PosEnv,좋아하다
손을 꽉 쥔다,PosEnv,유대감을 느끼다
손을 꽉 쥔다,NegEnv,애증하다
주먹을 꽉 쥔다,PosEnv,자신감에 차다
주먹을 꽉 쥔다,NegEnv,분노하다
주먹을 꽉 쥔다,NegEnv,화나다
주먹을 불끈 쥔다,PosEnv,자신감에 차다
주먹을 불끈 쥔다,NegEnv,분노하다
주먹을 쥔다,PosEnv,자신감에 차다
주먹을 쥔다,NegEnv,짜증나다
주먹을 쥔다,NegEnv,혐오하다
코를 감싸 쥔다,NegEnv,싫어하다
코를 감싸 쥔다,NegEnv,경멸하다
흉기가 될 만한 것을 손에 쥔다,PosEnv,흥분하다
흉기가 될 만한 것을 손에 쥔다,NegEnv,분개하다
말을 지껄인다,PosEnv,신나다
말을 지껄인다,NegEnv,짜증나다
말을 지껄인다,NegEnv,불안하다
이불에 푹 파묻혀 지낸다,PosEnv,평안하다
이불에 푹 파묻혀 지낸다,NegEnv,우울하다
이불에 푹 파묻혀 지낸다,NegEnv,두렵다
뒷짐을 진다,PosEnv,만족하다
뒷짐을 진다,PosEnv,평안하다
뒷짐을 진다,NegEnv,심드렁하다
고함을 지른다,NegEnv,분노하다
고함을 지른다,NegEnv,짜증나다
괴성을 지른다,PosEnv,놀라다
괴성을 지른다,PosEnv,흥분하다
괴성을 지른다,NegEnv,분노하다
소리 지른다,PosEnv,행복하다
소리 지른다,PosEnv,신나다
소리 지른다,NegEnv,분개하다
소리 지른다,NegEnv,절망하다
소리 지른다,NegEnv,억울하다
함성을 지른다,PosEnv,신나다
함성을 지른다,PosEnv,기쁘다
함성을 지른다,PosEnv,안심하다
환호성을 지른다,PosEnv,행복하다
환호성을 지른다,PosEnv,신나다
환호성을 지른다,PosEnv,기쁘다
얼굴에 표정이 지워진다,NegEnv,고뇌하다
얼굴에 표정이 지워진다,NegEnv,충격받다
Y를 지지한다,PosEnv,좋아하다
Y를 지지한다,PosEnv,존경하다
Y를 지지한다,NegEnv,두렵다
묵묵히 지켜본다,PosEnv,만족하다
묵묵히 지켜본다,NegEnv,체념하다
안색이 하얗게 질린다,NegEnv,경악하다
말에 집중한다,PosEnv,흥미롭다
말에 집중한다,PosEnv,존경하다
말에 집중한다,NegEnv,긴장하다
Y에 집중한다,PosEnv,좋아하다
Y에 집중한다,NegEnv,외롭다
손톱에 집착한다,NegEnv,불안하다
눈을 꾹꾹 짓누른다,NegEnv,혼란스럽다
자신의 다리를 주먹으로 짓누른다,NegEnv,초조하다
자신의 다리를 주먹으로 짓누른다,NegEnv,불안하다
굳은 미소를 짓는다,NegEnv,화나다
너털웃음을 짓는다,PosEnv,유쾌하다
너털웃음을 짓는다,PosEnv,재미있다
맥 빠진 표정을 짓는다,NegEnv,낙담하다
무덤덤한 표정을 짓는다,NegEnv,심드렁하다
무덤덤한 표정을 짓는다,NegEnv,체념하다
미소를 자주 짓는다,PosEnv,만족하다
미소를 자주 짓는다,PosEnv,누그러지다
미소를 자주 짓는다,NegEnv,체념하다
부자연스러운 미소를 짓는다,PosEnv,놀라다
부자연스러운 미소를 짓는다,NegEnv,의심하다
부자연스러운 미소를 짓는다,NegEnv,걱정하다
부자연스러운 미소를 짓는다,NegEnv,시기하다
빙그레 미소 짓는다,PosEnv,만족하다
빙그레 미소 짓는다,PosEnv,통쾌하다
빙그레 미소 짓는다,PosEnv,재미있다
빙그레 미소 짓는다,NegEnv,무시하다
사색에 잠긴 표정을 짓는다,NegEnv,고뇌하다
생각에 잠겨 엷은 미소를 짓는다,PosEnv,좋아하다
생각에 잠겨 엷은 미소를 짓는다,NegEnv,아쉽다
생각에 잠겨 엷은 미소를 짓는다,NegEnv,그리워하다
섹시한 포즈를 짓는다,PosEnv,자부심을 느끼다
섹시한 포즈를 짓는다,PosEnv,흥분하다
싸늘한 미소를 짓는다,NegEnv,동정하다
약간 찡그리는 듯한 표정을 짓는다,PosEnv,긴장하다
약간 찡그리는 듯한 표정을 짓는다,NegEnv,불안하다
약간 찡그리는 듯한 표정을 짓는다,NegEnv,긴장하다
억지웃음을 짓는다,NegEnv,우울하다
언뜻 정중해 보이는 미소를 짓는다,PosEnv,편안하다
언뜻 정중해 보이는 미소를 짓는다,NegEnv,짜증나다
엷은 미소를 짓는다,PosEnv,좋아하다
엷은 미소를 짓는다,PosEnv,만족하다
울상을 짓는다,NegEnv,걱정하다
울상을 짓는다,NegEnv,불안하다
일그러진 웃음을 짓는다,NegEnv,질투하다
장난기 있는 표정을 짓는다,PosEnv,유쾌하다
장난기 있는 표정을 짓는다,PosEnv,재미있다
재미난 표정을 짓는다,PosEnv,유쾌하다
재미난 표정을 짓는다,PosEnv,재미있다
조소를 짓는다,PosEnv,기쁘다
차가운 미소를 짓는다,NegEnv,무시하다
차가운 미소를 짓는다,NegEnv,경멸하다
치아가 다 드러나게 미소를 짓는다,PosEnv,행복하다
치아가 다 드러나게 미소를 짓는다,PosEnv,기쁘다
퉁명스러운 미소를 짓는다,NegEnv,짜증나다
퉁명스러운 미소를 짓는다,NegEnv,불편하다
풀죽은 표정을 짓는다,NegEnv,슬프다
풀죽은 표정을 짓는다,NegEnv,낙담하다
험상궂은 표정을 짓는다,NegEnv,분노하다
희미한 미소를 짓는다,PosEnv,만족하다
희미한 미소를 짓는다,PosEnv,누그러지다
희미한 미소를 짓는다,NegEnv,슬프다
희미한 미소를 짓는다,NegEnv,그리워하다
힘없는 미소를 짓는다,PosEnv,누그러지다
힘없는 미소를 짓는다,NegEnv,쓸쓸하다
힘없는 미소를 짓는다,NegEnv,실망하다
여유로운 미소를 짓는다,PosEnv,만족하다
여유로운 미소를 짓는다,PosEnv,자부심을 느끼다
여유로운 미소를 짓는다,PosEnv,기쁘다
쓴웃음을 짓는다,NegEnv,좌절하다
힘들어하는 표정을 짓는다,NegEnv,우울하다
힘들어하는 표정을 짓는다,NegEnv,슬프다
입술을 짓씹는다,NegEnv,불안하다
징징거리다,PosEnv,쑥스럽다
징징거리다,NegEnv,조급하다
징징거리다,NegEnv,초조하다
손으로 관자놀이를 짚는다,NegEnv,갑갑하다
손으로 관자놀이를 짚는다,NegEnv,낙담하다
손으로 이마를 짚는다,PosEnv,놀라다
손으로 이마를 짚는다,NegEnv,짜증나다
손으로 이마를 짚는다,NegEnv,답답하다
손으로 이마를 짚는다,NegEnv,충격받다
손을 허리에 짚는다,PosEnv,자신감이 있다
손을 허리에 짚는다,NegEnv,화나다
어깨를 짚어준다,PosEnv,만족하다
어깨를 짚어준다,PosEnv,기쁘다
어깨를 짚어준다,NegEnv,걱정하다
말이 짧아진다,PosEnv,흥분하다
말이 짧아진다,NegEnv,짜증나다
말이 짧아진다,NegEnv,경멸하다
귀를 쫑긋거린다,PosEnv,관심을 가지다
귀를 쫑긋거린다,PosEnv,신나다
귀를 쫑긋거린다,PosEnv,재미있다
귀를 쫑긋거린다,NegEnv,불안하다
쭈뼛거린다,PosEnv,놀라다
쭈뼛거린다,PosEnv,긴장하다
쭈뼛거린다,NegEnv,초라하다
쭈뼛거린다,NegEnv,긴장하다
쭈뼛거린다,NegEnv,당황하다
물건을 찌그러뜨린다,NegEnv,분노하다
물건을 찌그러뜨린다,NegEnv,짜증나다
물건을 찌그러뜨린다,NegEnv,혐오하다
눈살을 찌푸린다,NegEnv,의심하다
눈살을 찌푸린다,NegEnv,짜증나다
눈살을 찌푸린다,NegEnv,조급하다
미간을 찌푸린다,NegEnv,의심하다
미간을 찌푸린다,NegEnv,혐오하다
미간을 찌푸린다,NegEnv,거슬리다
얼굴을 찌푸린다,NegEnv,짜증나다
얼굴을 찌푸린다,NegEnv,혐오하다
눈물을 찔끔거린다,PosEnv,유쾌하다
눈물을 찔끔거린다,PosEnv,놀라다
눈물을 찔끔거린다,NegEnv,슬프다
눈물을 찔끔거린다,NegEnv,두렵다
눈물을 찔끔거린다,NegEnv,상처받다
눈썹을 찡그린다,NegEnv,짜증나다
눈썹을 찡그린다,NegEnv,역겨워하다
눈을 가늘게 뜨고 찡그린다,NegEnv,짜증나다
눈을 가늘게 뜨고 찡그린다,NegEnv,혐오하다
눈을 가늘게 뜨고 찡그린다,NegEnv,멸시하다
눈을 찡그린다,PosEnv,욕정을 느끼다
눈을 찡그린다,NegEnv,짜증나다
눈을 찡그린다,NegEnv,혐오하다
얼굴을 찡그린다,NegEnv,싫어하다
코를 찡그린다,NegEnv,의심하다
서류를 찢는다,NegEnv,분노하다
발로 찬다,PosEnv,즐겁다
발로 찬다,PosEnv,유쾌하다
발로 찬다,NegEnv,고민하다
발로 찬다,NegEnv,불안하다
손에 땀이 찬다,PosEnv,기대하다
손에 땀이 찬다,PosEnv,긴장하다
손에 땀이 찬다,NegEnv,걱정하다
손에 땀이 찬다,NegEnv,불안하다
손에 땀이 찬다,NegEnv,긴장하다
혀를 찬다,NegEnv,동정하다
혀를 찬다,NegEnv,무시하다
미소를 지으려다 애써 참는다,NegEnv,걱정하다
숨을 오래 참는다,NegEnv,우울하다
숨을 오래 참는다,NegEnv,두렵다
얼굴이 창백하다,NegEnv,겁에 질리다
숨을 곳을 찾는다,PosEnv,부끄럽다
숨을 곳을 찾는다,NegEnv,두렵다
휴지를 찾는다,NegEnv,슬프다
밤늦게 Y를 찾아간다,PosEnv,신뢰하다
밤늦게 Y를 찾아간다,PosEnv,흥분하다
밤늦게 Y를 찾아간다,NegEnv,분노하다
밤늦게 Y를 찾아간다,NegEnv,화나다
Y를 찾아간다,PosEnv,좋아하다
Y를 찾아간다,NegEnv,분노하다
Y를 찾아간다,NegEnv,걱정하다
Y를 찾아본다,PosEnv,좋아하다
Y를 찾아본다,NegEnv,의심하다
Y를 찾아본다,NegEnv,그리워하다
조용히 처신한다,PosEnv,평안하다
조용히 처신한다,NegEnv,두렵다
눈꼬리가 처진다,NegEnv,우울하다
눈꼬리가 처진다,NegEnv,슬프다
눈꼬리가 처진다,NegEnv,초라하다
입꼬리가 처진다,PosEnv,부러워하다
입꼬리가 처진다,NegEnv,시기하다
기절한 척한다,PosEnv,흥분하다
기절한 척한다,NegEnv,창피하다
기절한 척한다,NegEnv,두렵다
따분한 척한다,PosEnv,유쾌하다
따분한 척한다,PosEnv,재미있다
따분한 척한다,NegEnv,무시하다
따분한 척한다,NegEnv,경멸하다
몸을 떠는 척한다,NegEnv,심드렁하다
뾰로통한 척한다,PosEnv,고소해하다
뾰로통한 척한다,PosEnv,기쁘다
뾰로통한 척한다,NegEnv,삐지다
땅만 쳐다본다,NegEnv,우울하다
땅만 쳐다본다,NegEnv,절망하다
땅만 쳐다본다,NegEnv,초라하다
문을 자꾸 쳐다본다,PosEnv,기대하다
문을 자꾸 쳐다본다,NegEnv,걱정하다
문을 자꾸 쳐다본다,NegEnv,불안하다
시계를 계속 쳐다본다,PosEnv,기대하다
시계를 계속 쳐다본다,PosEnv,긴장하다
시계를 계속 쳐다본다,NegEnv,초조하다
마구 고함을 쳐댄다,NegEnv,분개하다
마구 고함을 쳐댄다,NegEnv,울분을 느끼다
마구 고함을 쳐댄다,NegEnv,억울하다
심하게 몸부림을 쳐댄다,NegEnv,저항하다
심하게 몸부림을 쳐댄다,NegEnv,짜증나다
심하게 몸부림을 쳐댄다,NegEnv,화나다
Y를 사적 공간에 초대한다,PosEnv,좋아하다
Y를 사적 공간에 초대한다,PosEnv,존경하다
Y를 사적 공간에 초대한다,PosEnv,친밀감을 느끼다
눈망울이 초롱초롱하다,PosEnv,좋아하다
눈망울이 초롱초롱하다,PosEnv,희망을 가지다
눈이 초롱초롱하다,PosEnv,즐겁다
눈이 초롱초롱하다,PosEnv,행복하다
겨우 몸을 추스른다,PosEnv,안심하다
겨우 몸을 추스른다,NegEnv,망연자실하다
안경을 추켜올린다,PosEnv,흥미를 가지다
안경을 추켜올린다,NegEnv,의심하다
안경을 추켜올린다,NegEnv,불편하다
엄지를 추켜올린다,PosEnv,만족하다
엄지를 추켜올린다,PosEnv,감탄하다
엄지를 추켜올린다,PosEnv,재미있다
엄지를 추켜올린다,NegEnv,비꼬다
입술을 축인다,PosEnv,기대하다
입술을 축인다,NegEnv,긴장하다
자주 목을 축인다,PosEnv,긴장하다
자주 목을 축인다,NegEnv,불안하다
자주 목을 축인다,NegEnv,긴장하다
춤을 춘다,PosEnv,즐겁다
춤을 춘다,PosEnv,신나다
눈이 충혈된다,NegEnv,불안하다
기도하는 자세를 취한다,PosEnv,희망을 품다
기도하는 자세를 취한다,PosEnv,간절하다
기도하는 자세를 취한다,NegEnv,분노하다
기도하는 자세를 취한다,NegEnv,불안하다
술에 취한다,PosEnv,즐겁다
술에 취한다,PosEnv,유쾌하다
술에 취한다,PosEnv,신나다
술에 취한다,NegEnv,절망하다
술에 취한다,NegEnv,낙담하다
요염한 자세를 취한다,PosEnv,욕정을 느끼다
요염한 자세를 취한다,PosEnv,자부심을 느끼다
요염한 자세를 취한다,PosEnv,흥분하다
엄지손가락을 치켜든다,PosEnv,만족하다
엄지손가락을 치켜든다,PosEnv,자부심을 느끼다
엄지손가락을 치켜든다,PosEnv,흥분하다
엄지손가락을 치켜든다,NegEnv,무시하다
주먹을 위로 치켜든다,NegEnv,화나다
하늘에 주먹을 치켜든다,PosEnv,고소해하다
하늘에 주먹을 치켜든다,NegEnv,분노하다
눈썹을 치켜뜬다,PosEnv,좋아하다
눈썹을 치켜뜬다,NegEnv,짜증나다
눈썹을 치켜뜬다,NegEnv,혐오하다
눈을 치켜뜬다,NegEnv,짜증나다
눈을 치켜뜬다,NegEnv,반항하다
가벼운 장난을 친다,PosEnv,친밀감을 느끼다
가슴을 친다,PosEnv,흥분하다
가슴을 친다,NegEnv,화나다
가슴을 친다,NegEnv,울분을 느끼다
가슴을 친다,NegEnv,분개하다
몸서리를 친다,PosEnv,희열을 느끼다
몸서리를 친다,NegEnv,두렵다
몸서리를 친다,NegEnv,소름이 끼치다
무릎을 탁 친다,PosEnv,만족하다
무릎을 탁 친다,PosEnv,희열을 느끼다
무릎을 탁 친다,NegEnv,답답하다
손뼉을 친다,PosEnv,고소해하다
손뼉을 친다,PosEnv,신나다
이마를 탁 친다,PosEnv,희열을 느끼다
이마를 탁 친다,NegEnv,답답하다
이마를 탁 친다,NegEnv,실망하다
장난을 친다,PosEnv,좋아하다
장난을 친다,PosEnv,유쾌하다
장난을 친다,NegEnv,무시하다
주먹으로 가슴을 친다,NegEnv,슬프다
진저리를 친다,PosEnv,쑥스럽다
진저리를 친다,NegEnv,수치스럽다
진저리를 친다,NegEnv,끔찍하다
진저리를 친다,NegEnv,소름이 끼치다
코웃음 친다,NegEnv,무시하다
코웃음 친다,NegEnv,경멸하다
헹가래 친다,PosEnv,신나다
헹가래 친다,PosEnv,흥분하다
Y의 뺨을 친다,PosEnv,흥분하다
Y의 뺨을 친다,NegEnv,분노하다
Y의 어깨를 탁하고 친다,NegEnv,싫어하다
침묵한다,PosEnv,쑥스럽다
침묵한다,NegEnv,절망하다
침묵한다,NegEnv,자책하다
Y를 칭찬한다,PosEnv,좋아하다
Y를 칭찬한다,PosEnv,만족하다
Y를 칭찬한다,PosEnv,기쁘다
Y를 칭찬한다,NegEnv,걱정하다
집요하게 캐묻는다,PosEnv,관심이 있다
집요하게 캐묻는다,NegEnv,의심하다
집요하게 캐묻는다,NegEnv,경계하다
눈이 커진다,PosEnv,호기심이 생기다
눈이 커진다,PosEnv,놀라다
눈이 커진다,NegEnv,경악하다
눈이 커진다,NegEnv,충격받다
목소리가 갑자기 커진다,PosEnv,유쾌하다
목소리가 갑자기 커진다,PosEnv,신나다
목소리가 갑자기 커진다,NegEnv,분개하다
목소리가 갑자기 커진다,NegEnv,당황하다
목소리가 커진다,PosEnv,즐겁다
목소리가 커진다,PosEnv,신나다
목소리가 커진다,PosEnv,행복하다
목소리가 커진다,NegEnv,짜증나다
목소리가 커진다,NegEnv,화나다
기지개를 켠다,PosEnv,평안하다
기지개를 켠다,NegEnv,심드렁하다
키득거린다,PosEnv,유쾌하다
키득거린다,PosEnv,고소해하다
키득거린다,PosEnv,재미있다
키득거린다,NegEnv,멸시하다
아무 때나 울음을 터뜨린다,NegEnv,우울하다
아무 때나 울음을 터뜨린다,NegEnv,상처받다
아무 때나 울음을 터뜨린다,NegEnv,그리워하다
울음을 터뜨린다,PosEnv,안도하다
울음을 터뜨린다,PosEnv,감동받다
울음을 터뜨린다,NegEnv,슬프다
울음을 터뜨린다,NegEnv,겁에 질리다
울음을 터뜨린다,NegEnv,그리워하다
웃음을 터뜨린다,PosEnv,기쁘다
자주 웃음을 터뜨린다,PosEnv,즐겁다
자주 웃음을 터뜨린다,PosEnv,행복하다
폭소를 터뜨린다,PosEnv,유쾌하다
폭소를 터뜨린다,PosEnv,신나다
폭소를 터뜨린다,PosEnv,흥분하다
허탈해하는 웃음을 터뜨린다,NegEnv,망연자실하다
힘없이 손을 턴다,NegEnv,절망하다
힘없이 손을 턴다,NegEnv,체념하다
Y에게 털어놓는다,PosEnv,안도하다
Y에게 털어놓는다,PosEnv,안정을 찾다
Y에게 털어놓는다,NegEnv,두렵다
Y에게 털어놓는다,NegEnv,자책하다
Y의 등을 토닥거려준다,PosEnv,좋아하다
Y의 등을 토닥거려준다,NegEnv,동정하다
Y의 등을 토닥거려준다,NegEnv,걱정하다
Y의 어깨를 토닥거린다,PosEnv,좋아하다
Y의 어깨를 토닥거린다,NegEnv,동정하다
어깨를 토닥인다,PosEnv,누그러지다
어깨를 토닥인다,NegEnv,아쉽다
어깨를 토닥인다,NegEnv,애석하다
어깨를 토닥인다,NegEnv,체념하다
팔을 토닥인다,PosEnv,누그러지다
팔을 토닥인다,NegEnv,동정하다
투덜거린다,NegEnv,짜증나다
투덜거린다,NegEnv,질투하다
쉬지 않고 투덜댄다,NegEnv,슬프다
쉬지 않고 투덜댄다,NegEnv,혐오하다
눈이 앞으로 튀어나온다,PosEnv,놀라다
눈이 앞으로 튀어나온다,NegEnv,경악하다
눈이 앞으로 튀어나온다,NegEnv,충격받다
목이 앞으로 쑥 튀어나온다,PosEnv,호기심이 생기다
목이 앞으로 쑥 튀어나온다,PosEnv,놀라다
목이 앞으로 쑥 튀어나온다,NegEnv,경악하다
입술이 삐죽 튀어나온다,NegEnv,삐지다
입술이 삐죽 튀어나온다,NegEnv,시기하다
몸을 튼다,NegEnv,혐오하다
몸을 튼다,NegEnv,불편하다
Y를 피해 몸을 비스듬히 튼다,PosEnv,부끄럽다
Y를 피해 몸을 비스듬히 튼다,NegEnv,역겨워하다
Y를 피해 몸을 비스듬히 튼다,NegEnv,혐오하다
Y를 피해 몸을 비스듬히 튼다,NegEnv,당황하다
손바닥으로 입을 틀어막는다,PosEnv,놀라다
손바닥으로 입을 틀어막는다,NegEnv,경악하다
손바닥으로 입을 틀어막는다,NegEnv,충격받다
손으로 귀를 틀어막는다,PosEnv,놀라다
손으로 귀를 틀어막는다,NegEnv,싫어하다
손으로 귀를 틀어막는다,NegEnv,두렵다
손으로 귀를 틀어막는다,NegEnv,소름이 끼치다
콧구멍을 틀어막는다,NegEnv,멸시하다
콧구멍을 틀어막는다,NegEnv,경멸하다
물건을 파괴한다,PosEnv,부끄럽다
물건을 파괴한다,NegEnv,분노하다
물건을 파괴한다,NegEnv,절망하다
물건을 파괴한다,NegEnv,두렵다
쉴 새 없이 손을 파닥거린다,PosEnv,흥분하다
쉴 새 없이 손을 파닥거린다,NegEnv,겁에 질리다
쉴 새 없이 손을 파닥거린다,NegEnv,당황하다
가슴에 턱을 파묻는다,PosEnv,부끄럽다
가슴에 턱을 파묻는다,NegEnv,위축되다
가슴에 턱을 파묻는다,NegEnv,체념하다
고개를 깊이 파묻는다,PosEnv,부끄럽다
고개를 깊이 파묻는다,NegEnv,절망하다
고개를 깊이 파묻는다,NegEnv,자책하다
손에 얼굴을 파묻는다,PosEnv,쑥스럽다
손에 얼굴을 파묻는다,NegEnv,자책하다
손에 얼굴을 파묻는다,NegEnv,낙담하다
양팔 사이에 고개를 파묻는다,PosEnv,부끄럽다
양팔 사이에 고개를 파묻는다,NegEnv,슬프다
양팔 사이에 고개를 파묻는다,NegEnv,절망하다
턱을 가슴에 파묻는다,PosEnv,감동받다
턱을 가슴에 파묻는다,NegEnv,창피하다
턱을 가슴에 파묻는다,NegEnv,수치스럽다
턱을 깊이 파묻는다,PosEnv,부끄럽다
턱을 깊이 파묻는다,NegEnv,망연자실하다
턱을 깊이 파묻는다,NegEnv,자책하다
턱을 깊이 파묻는다,NegEnv,좌절하다
물건을 파손한다,NegEnv,분노하다
이마에 깊은 주름이 파인다,NegEnv,고뇌하다
손을 퍼덕거린다,PosEnv,신나다
손을 퍼덕거린다,PosEnv,흥분하다
손을 퍼덕거린다,NegEnv,절박하다
유언비어를 퍼뜨린다,NegEnv,증오하다
유언비어를 퍼뜨린다,NegEnv,시기하다
가슴을 편다,PosEnv,확신에 차다
가슴을 편다,PosEnv,자신감이 있다
가슴을 편다,NegEnv,반항하다
몸을 쭉 편다,PosEnv,평안하다
몸을 쭉 편다,NegEnv,반항하다
손을 말아쥐었다가 이내 편다,PosEnv,안정을 찾다
손을 말아쥐었다가 이내 편다,NegEnv,짜증나다
다리를 쭉 편다,PosEnv,즐겁다
다리를 쭉 편다,PosEnv,안심하다
다리를 쭉 편다,PosEnv,행복하다
다리를 쭉 편다,NegEnv,무시하다
팔다리를 누워서 넓게 펼친다,PosEnv,행복하다
팔다리를 누워서 넓게 펼친다,PosEnv,도취되다
팔다리를 누워서 넓게 펼친다,PosEnv,평안하다
팔다리를 누워서 넓게 펼친다,NegEnv,체념하다
포기한다,PosEnv,누그러지다
포기한다,NegEnv,체념하다
Y를 폭로한다,PosEnv,고소해하다
Y를 폭로한다,NegEnv,두렵다
Y를 폭로한다,NegEnv,혐오하다
Y를 폭로한다,NegEnv,경멸하다
장난기를 표출한다,PosEnv,유쾌하다
장난기를 표출한다,PosEnv,재미있다
장난기를 표출한다,PosEnv,유대감을 느끼다
장난기를 표출한다,NegEnv,무시하다
순간적으로 손을 움켜쥐었다가 이내 푼다,PosEnv,욕망하다
순간적으로 손을 움켜쥐었다가 이내 푼다,NegEnv,불안하다
어깨와 목을 푼다,PosEnv,흥분하다
어깨와 목을 푼다,NegEnv,분노하다
주먹을 말아쥐었다가 이내 푼다,PosEnv,안정을 찾다
주먹을 말아쥐었다가 이내 푼다,NegEnv,불안하다
단추를 확 푼다,PosEnv,욕정을 느끼다
단추를 확 푼다,NegEnv,짜증나다
단추를 확 푼다,NegEnv,화나다
표정이 풀린다,PosEnv,안도하다
표정이 풀린다,PosEnv,평안하다
몸을 풀어둔다,PosEnv,편안하다
몸을 풀어둔다,PosEnv,안심하다
몸을 풀어둔다,NegEnv,체념하다
몸가짐이 풀어진다,PosEnv,안도하다
몸가짐이 풀어진다,NegEnv,실망하다
몸가짐이 풀어진다,NegEnv,체념하다
자세가 한껏 풀어진다,PosEnv,만족하다
자세가 한껏 풀어진다,PosEnv,편안하다
자세가 한껏 풀어진다,PosEnv,안심하다
자세가 한껏 풀어진다,NegEnv,절망하다
자세가 한껏 풀어진다,NegEnv,체념하다
옷을 느슨히 풀어헤친다,NegEnv,화나다
옷을 느슨히 풀어헤친다,NegEnv,갑갑하다
표정이 풍부해진다,PosEnv,신나다
표정이 풍부해진다,PosEnv,기쁘다
표정이 풍부해진다,PosEnv,흥분하다
뺨에 열꽃이 피어오른다,PosEnv,쑥스럽다
뺨에 열꽃이 피어오른다,PosEnv,흥분하다
뺨에 열꽃이 피어오른다,NegEnv,분노하다
줄담배를 피운다,NegEnv,걱정하다
줄담배를 피운다,NegEnv,불안하다
눈을 피한다,PosEnv,쑥스럽다
눈을 피한다,PosEnv,수줍다
눈을 피한다,NegEnv,상처받다
눈을 피한다,NegEnv,초라하다
눈을 피한다,NegEnv,두렵다
시선을 피한다,PosEnv,수줍다
시선을 피한다,NegEnv,싫어하다
시선을 피한다,NegEnv,절망하다
시선을 피한다,NegEnv,불안하다
애써 피한다,NegEnv,불안하다
위험을 피한다,PosEnv,짜릿하다
위험을 피한다,NegEnv,두렵다
이야기 중에 시선을 피한다,PosEnv,쑥스럽다
이야기 중에 시선을 피한다,NegEnv,초라하다
이야기 중에 시선을 피한다,NegEnv,불안하다
접촉을 피한다,PosEnv,흥분하다
접촉을 피한다,NegEnv,역겨워하다
접촉을 피한다,NegEnv,혐오하다
접촉을 피한다,NegEnv,당황하다
Y와 접촉하는 것을 피한다,NegEnv,싫어하다
Y와 접촉하는 것을 피한다,NegEnv,혐오하다
표정이 활짝 핀다,PosEnv,안도하다
표정이 활짝 핀다,PosEnv,기쁘다
표정이 활짝 핀다,PosEnv,안심하다
묵례를 하다,PosEnv,평안하다
묵례를 하다,PosEnv,안정을 찾다
묵례를 하다,NegEnv,긴장하다
삿대질을 하다,NegEnv,혐오하다
잘난 체 하다,PosEnv,만족하다
잘난 체 하다,PosEnv,자부심을 느끼다
잘난 체 하다,NegEnv,멸시하다
하이파이브한다,PosEnv,즐겁다
하이파이브한다,PosEnv,유쾌하다
거리를 좁히려 한다,PosEnv,욕망하다
거리를 좁히려 한다,NegEnv,외롭다
거짓말을 한다,NegEnv,초조하다
거짓말을 한다,NegEnv,불안하다
경례를 한다,PosEnv,만족하다
경례를 한다,PosEnv,존경하다
경례를 한다,PosEnv,고맙다
경례를 한다,NegEnv,긴장하다
다리를 꼬았다 풀었다 한다,PosEnv,기대하다
다리를 꼬았다 풀었다 한다,NegEnv,혼란스럽다
다리를 꼬았다 풀었다 한다,NegEnv,조급하다
돌발행동을 한다,PosEnv,도취되다
돌발행동을 한다,NegEnv,반항하다
돌발행동을 한다,NegEnv,불안하다
뒤에 서려 한다,NegEnv,위축되다
뒤에 서려 한다,NegEnv,초라하다
뒤에 서려 한다,NegEnv,두렵다
Y와 딥키스를 한다,PosEnv,욕정을 느끼다
때리려고 한다,NegEnv,증오하다
때리려고 한다,NegEnv,경멸하다
마약을 한다,PosEnv,만족하다
마약을 한다,PosEnv,도취되다
마약을 한다,PosEnv,신나다
마약을 한다,NegEnv,초라하다
마약을 한다,NegEnv,불안하다
마약을 한다,NegEnv,두렵다
말을 천천히 한다,PosEnv,평안하다
말을 천천히 한다,NegEnv,의심하다
말을 천천히 한다,NegEnv,걱정하다
말을 천천히 한다,NegEnv,주저하다
멀찍이 떨어져 있으려 한다,NegEnv,두렵다
멀찍이 떨어져 있으려 한다,NegEnv,혐오하다
명상을 한다,PosEnv,희망을 품다
명상을 한다,NegEnv,초조하다
모욕적인 말을 한다,NegEnv,분노하다
모욕적인 말을 한다,NegEnv,혐오하다
몸을 자꾸 숨기려 한다,NegEnv,우울하다
몸을 자꾸 숨기려 한다,NegEnv,수치스럽다
몸을 자꾸 숨기려 한다,NegEnv,위축되다
몸이 작아 보이게 한다,NegEnv,창피하다
몸이 작아 보이게 한다,NegEnv,초라하다
무의식적으로 곁눈질을 한다,PosEnv,좋아하다
무의식적으로 곁눈질을 한다,NegEnv,불안하다
물건에 주먹질을 한다,NegEnv,분노하다
물건에 주먹질을 한다,NegEnv,짜증나다
물건에 주먹질을 한다,NegEnv,화나다
보폭을 크게 한다,PosEnv,확신에 차다
보폭을 크게 한다,PosEnv,신나다
보폭을 크게 한다,PosEnv,즐겁다
보폭을 크게 한다,NegEnv,분노하다
보폭을 크게 한다,NegEnv,짜증나다
상처 주는 말을 한다,PosEnv,통쾌하다
상처 주는 말을 한다,PosEnv,흥분하다
상처 주는 말을 한다,NegEnv,짜증나다
상처 주는 말을 한다,NegEnv,무시하다
손가락을 구부렸다 폈다 한다,PosEnv,신나다
손가락을 구부렸다 폈다 한다,PosEnv,긴장하다
손가락을 구부렸다 폈다 한다,NegEnv,불안하다
손가락을 구부렸다 폈다 한다,NegEnv,긴장하다
손가락질을 한다,NegEnv,멸시하다
손가락질을 한다,NegEnv,경멸하다
손을 맞잡으려 한다,PosEnv,좋아하다
손을 맞잡으려 한다,NegEnv,애증하다
손을 어디 둘지 몰라 한다,PosEnv,흥분하다
손을 어디 둘지 몰라 한다,NegEnv,걱정하다
손을 어디 둘지 몰라 한다,NegEnv,초조하다
손을 어디 둘지 몰라 한다,NegEnv,불안하다
시큰둥한 대답을 한다,NegEnv,심드렁하다
악수를 한다,PosEnv,만족하다
악수를 한다,PosEnv,누그러지다
악수를 한다,PosEnv,고맙다
악수를 한다,NegEnv,긴장하다
어쩔 줄 몰라 한다,PosEnv,부끄럽다
어쩔 줄 몰라 한다,NegEnv,우울하다
얼굴을 감추려 한다,PosEnv,흥분하다
얼굴을 감추려 한다,NegEnv,창피하다
얼굴을 감추려 한다,NegEnv,수치스럽다
옷가지를 바로 한다,PosEnv,희망을 품다
옷가지를 바로 한다,PosEnv,기대하다
옷가지를 바로 한다,NegEnv,불안하다
옷깃을 세워 얼굴을 가리려 한다,PosEnv,부끄럽다
옷깃을 세워 얼굴을 가리려 한다,NegEnv,수치스럽다
욕설을 한다,NegEnv,울분을 느끼다
욕설을 한다,NegEnv,분개하다
욕을 한다,NegEnv,울분을 느끼다
욕을 한다,NegEnv,분개하다
유쾌한 농담을 한다,PosEnv,평안하다
유쾌한 농담을 한다,PosEnv,재미있다
유쾌한 농담을 한다,PosEnv,유대감을 느끼다
유쾌한 농담을 한다,NegEnv,불안하다
입은 벌리고 있지만 아무 말도 못 한다,PosEnv,놀라다
입은 벌리고 있지만 아무 말도 못 한다,NegEnv,어이없다
입은 벌리고 있지만 아무 말도 못 한다,NegEnv,경악하다
입은 벌리고 있지만 아무 말도 못 한다,NegEnv,당황하다
입을 막으려 한다,NegEnv,슬프다
입을 막으려 한다,NegEnv,망연자실하다
입을 열었다 닫았다 한다,PosEnv,쑥스럽다
입을 열었다 닫았다 한다,NegEnv,우울하다
입을 열었다 닫았다 한다,NegEnv,불신하다
잠자코 있기만 한다,PosEnv,만족하다
잠자코 있기만 한다,NegEnv,절망하다
잠자코 있기만 한다,NegEnv,낙담하다
졸도하는 시늉을 한다,PosEnv,친밀감을 느끼다
졸도하는 시늉을 한다,PosEnv,재미있다
졸도하는 시늉을 한다,NegEnv,두렵다
주먹을 쥐었다 풀었다 한다,PosEnv,흥분하다
주먹을 쥐었다 풀었다 한다,NegEnv,분노하다
크게 심호흡을 한다,PosEnv,평안하다
크게 심호흡을 한다,NegEnv,불안하다
키스하는 시늉을 한다,PosEnv,즐겁다
키스하는 시늉을 한다,PosEnv,재미있다
키스하는 시늉을 한다,NegEnv,무시하다
팔을 꼬았다 풀었다 한다,PosEnv,긴장하다
팔을 꼬았다 풀었다 한다,NegEnv,초조하다
헛발질을 한다,PosEnv,놀라다
헛발질을 한다,NegEnv,당황하다
혼자 있고 싶어 한다,NegEnv,우울하다
혼자 있고 싶어 한다,NegEnv,절망하다
화들짝 한다,PosEnv,놀라다
화들짝 한다,NegEnv,소름이 끼치다
화들짝 한다,NegEnv,경악하다
화들짝 한다,NegEnv,당황하다
화장을 짙게 한다,PosEnv,설레다
화장을 짙게 한다,PosEnv,기대하다
화장을 짙게 한다,NegEnv,초라하다
화장을 짙게 한다,NegEnv,불안하다
Y가 시키는대로 한다,PosEnv,유대감을 느끼다
Y가 시키는대로 한다,NegEnv,두렵다
Y를 가까이 두려 한다,PosEnv,좋아하다
Y를 가까이 두려 한다,PosEnv,욕망하다
Y를 가까이 두려 한다,NegEnv,의심하다
Y를 가까이 두려 한다,NegEnv,두렵다
Y를 가까이 두려 한다,NegEnv,외롭다
물건을 간직하려 한다,PosEnv,좋아하다
물건을 간직하려 한다,PosEnv,경외심이 들다
물건을 간직하려 한다,NegEnv,그리워하다
Y를 꼭 붙잡아두려 한다,PosEnv,친밀감을 느끼다
Y를 꼭 붙잡아두려 한다,NegEnv,간절하다
Y를 꼭 붙잡아두려 한다,NegEnv,두렵다
Y를 꼭 붙잡아두려 한다,NegEnv,집착하다
물건을 부수려고 한다,PosEnv,흥분하다
물건을 부수려고 한다,NegEnv,분노하다
물건을 부수려고 한다,NegEnv,두렵다
Y를 위해 요리를 한다,PosEnv,좋아하다
Y를 위해 요리를 한다,NegEnv,걱정하다
Y에게 다가서며 고개를 비스듬히 한다,PosEnv,욕정을 느끼다
Y에게 먼저 연락을 한다,PosEnv,좋아하다
Y에게 먼저 연락을 한다,PosEnv,설레다
Y에게 먼저 연락을 한다,PosEnv,신뢰하다
Y에게 먼저 연락을 한다,NegEnv,조급하다
Y에게 먼저 연락을 한다,NegEnv,절박하다
Y와 간격을 유지하고자 한다,PosEnv,쑥스럽다
Y와 간격을 유지하고자 한다,PosEnv,수줍다
Y와 간격을 유지하고자 한다,NegEnv,두렵다
Y와 간격을 유지하고자 한다,NegEnv,혐오하다
Y와 더 가까이 있으려 한다,PosEnv,유대감을 느끼다
Y와 더 가까이 있으려 한다,NegEnv,집착하다
Y와 어깨동무를 한다,PosEnv,좋아하다
Y와 어깨동무를 한다,PosEnv,유쾌하다
Y와 하이파이브를 한다,PosEnv,유쾌하다
Y와 하이파이브를 한다,PosEnv,신나다
Y와 하이파이브를 한다,PosEnv,재미있다
Y의 공간에 발을 들이려 한다,PosEnv,좋아하다
Y의 공간에 발을 들이려 한다,PosEnv,친밀감을 느끼다
Y의 공간에 발을 들이려 한다,NegEnv,집착하다
Y의 행동을 따라 한다,PosEnv,즐겁다
Y의 행동을 따라 한다,PosEnv,신나다
Y의 행동을 따라 한다,NegEnv,질투하다
Y의 행동을 따라 한다,NegEnv,시기하다
혀로 입술을 핥는다,PosEnv,욕정을 느끼다
혀로 입술을 핥는다,NegEnv,불안하다
Y의 목을 핥는다,PosEnv,욕정을 느끼다
굼뜨게 행동하다,NegEnv,우울하다
굼뜨게 행동하다,NegEnv,초라하다
Y에게 조심스럽게 행동한다,PosEnv,부끄럽다
Y에게 조심스럽게 행동한다,NegEnv,두렵다
다부지게 행동한다,PosEnv,자신감이 있다
고개가 아래로 향한다,PosEnv,부끄럽다
고개가 아래로 향한다,NegEnv,수치스럽다
고개가 아래로 향한다,NegEnv,절망하다
고개가 아래로 향한다,NegEnv,낙담하다
눈길이 Y의 입술로 향한다,PosEnv,욕정을 느끼다
시선이 먼 곳을 향한다,NegEnv,싫어하다
시선이 무심코 바닥을 향한다,NegEnv,우울하다
시선이 아래로 향한다,PosEnv,쑥스럽다
시선이 아래로 향한다,PosEnv,긴장하다
시선이 아래로 향한다,NegEnv,위축되다
시선이 아래로 향한다,NegEnv,체념하다
옷매무새를 바로잡고자 허둥댄다,NegEnv,혼란스럽다
옷매무새를 바로잡고자 허둥댄다,NegEnv,불안하다
정신없이 허둥댄다,NegEnv,혼란스럽다
정신없이 허둥댄다,NegEnv,불안하다
허둥지둥한다,PosEnv,놀라다
허둥지둥한다,PosEnv,긴장하다
허둥지둥한다,NegEnv,긴장하다
허둥지둥한다,NegEnv,불안하다
허둥지둥한다,NegEnv,당황하다
두 손을 허우적거린다,NegEnv,혼란스럽다
두 손을 허우적거린다,NegEnv,불안하다
손을 허우적거린다,NegEnv,당황하다
허공에 팔을 허우적거린다,PosEnv,신나다
허공에 팔을 허우적거린다,NegEnv,두렵다
헌신한다,PosEnv,좋아하다
헌신한다,NegEnv,걱정하다
목구멍을 헐떡거린다,PosEnv,놀라다
목구멍을 헐떡거린다,PosEnv,희열을 느끼다
목구멍을 헐떡거린다,PosEnv,긴장하다
목구멍을 헐떡거린다,NegEnv,분노하다
목구멍을 헐떡거린다,NegEnv,경악하다
목구멍을 헐떡거린다,NegEnv,긴장하다
입을 벌리고 숨을 헐떡거린다,PosEnv,욕정을 느끼다
입을 벌리고 숨을 헐떡거린다,NegEnv,겁에 질리다
Y를 험담한다,PosEnv,고소해하다
Y를 험담한다,NegEnv,분노하다
Y를 험담한다,NegEnv,무시하다
Y를 험담한다,NegEnv,경멸하다
말이 헛나온다,PosEnv,긴장하다
말이 헛나온다,NegEnv,당황하다
머리를 헝클어뜨린다,NegEnv,짜증나다
Y의 머리를 헝클어뜨린다,PosEnv,좋아하다
Y의 머리를 헝클어뜨린다,NegEnv,걱정하다
Y와 만날 날을 손꼽아 헤아린다,PosEnv,희망을 품다
Y와 만날 날을 손꼽아 헤아린다,PosEnv,기대하다
Y와 만날 날을 손꼽아 헤아린다,NegEnv,그리워하다
Y를 협박한다,NegEnv,분노하다
Y를 협박한다,NegEnv,혐오하다
고르게 호흡한다,PosEnv,평안하다
고르게 호흡한다,PosEnv,안정을 찾다
깊게 호흡한다,PosEnv,안정을 찾다
느리게 호흡한다,PosEnv,평안하다
느리게 호흡한다,PosEnv,안정을 찾다
씩씩거리면서 호흡한다,NegEnv,분노하다
씩씩거리면서 호흡한다,NegEnv,화나다
혼절한다,NegEnv,겁에 질리다
혼절한다,NegEnv,두렵다
혼절한다,NegEnv,충격받다
Y에게 미소로 화답한다,PosEnv,좋아하다
Y에게 미소로 화답한다,PosEnv,만족하다
Y에게 미소로 화답한다,PosEnv,자부심을 느끼다
동공이 확대된다,PosEnv,감동받다
동공이 확대된다,PosEnv,놀라다
동공이 확대된다,NegEnv,겁에 질리다
동공이 확대된다,NegEnv,경악하다
동공이 확대된다,NegEnv,초조하다
안전거리를 확보해둔다,NegEnv,두렵다
안전거리를 확보해둔다,NegEnv,혐오하다
확언한다,PosEnv,희망을 품다
확언한다,PosEnv,자부심을 느끼다
강박적으로 연락을 확인한다,PosEnv,긴장되다
강박적으로 연락을 확인한다,NegEnv,두렵다
강박적으로 연락을 확인한다,NegEnv,집착하다
강박적으로 연락을 확인한다,NegEnv,불편하다
끊임없이 연락을 확인한다,NegEnv,슬프다
끊임없이 연락을 확인한다,NegEnv,그리워하다
끊임없이 연락을 확인한다,NegEnv,불안하다
휴대폰을 반복해서 확인한다,PosEnv,설레다
휴대폰을 반복해서 확인한다,PosEnv,기대하다
휴대폰을 반복해서 확인한다,NegEnv,걱정하다
휴대폰을 반복해서 확인한다,NegEnv,불안하다
얼굴이 환해진다,PosEnv,만족하다
얼굴이 환해진다,PosEnv,기쁘다
대화를 회피한다,NegEnv,의심하다
대화를 회피한다,NegEnv,증오하다
대화를 회피한다,NegEnv,무시하다
바닥을 응시하며 시선을 회피한다,PosEnv,쑥스럽다
바닥을 응시하며 시선을 회피한다,NegEnv,부끄럽다
Y와의 시선 교환을 회피한다,NegEnv,초조하다
Y와의 시선 교환을 회피한다,NegEnv,불안하다
다리가 후들거린다,PosEnv,놀라다
다리가 후들거린다,NegEnv,겁에 질리다
다리가 후들거린다,NegEnv,소름이 끼치다
귀를 후빈다,NegEnv,의심하다
코를 훌쩍거린다,PosEnv,만족하다
코를 훌쩍거린다,PosEnv,감동받다
코를 훌쩍거린다,NegEnv,슬프다
코를 훌쩍거린다,NegEnv,초라하다
콧물을 훌쩍인다,NegEnv,슬프다
빰에 흐르는 눈물을 훔친다,PosEnv,감동받다
빰에 흐르는 눈물을 훔친다,NegEnv,슬프다
빰에 흐르는 눈물을 훔친다,NegEnv,그리워하다
Y에게 발을 휘감는다,PosEnv,욕정을 느끼다
Y에게 발을 휘감는다,NegEnv,집착하다
휘청거린다,PosEnv,놀라다
휘청거린다,NegEnv,망연자실하다
휘청거린다,NegEnv,경악하다
휘청거린다,NegEnv,충격받다
목놓아 흐느낀다,NegEnv,슬프다
목놓아 흐느낀다,NegEnv,망연자실하다
목놓아 흐느낀다,NegEnv,그리워하다
손과 팔이 흐느적거린다,NegEnv,체념하다
흐느적거린다,PosEnv,평안하다
흐느적거린다,PosEnv,안심하다
흐느적거린다,NegEnv,우울하다
흐느적거린다,NegEnv,지루하다
얼굴에 윤기가 흐른다,PosEnv,행복하다
이마에 식은땀이 흐른다,PosEnv,긴장하다
이마에 식은땀이 흐른다,NegEnv,초조하다
이마에 식은땀이 흐른다,NegEnv,당황하다
고개를 절레절레 흔든다,PosEnv,수줍다
고개를 절레절레 흔든다,NegEnv,의심하다
고개를 절레절레 흔든다,NegEnv,진절머리나다
머리를 계속 흔든다,PosEnv,신나다
머리를 계속 흔든다,NegEnv,짜증나다
머리를 세차게 흔든다,PosEnv,신나다
머리를 세차게 흔든다,NegEnv,짜증나다
머리를 세차게 흔든다,NegEnv,화나다
몸을 흔든다,PosEnv,신나다
몸을 흔든다,PosEnv,재미있다
몸을 흔든다,NegEnv,화나다
엉덩이를 흔든다,PosEnv,즐겁다
엉덩이를 흔든다,PosEnv,신나다
팔을 마구 흔든다,PosEnv,신나다
팔을 마구 흔든다,PosEnv,긴장하다
팔을 마구 흔든다,NegEnv,겁에 질리다
활기차게 손을 흔든다,PosEnv,즐겁다
활기차게 손을 흔든다,PosEnv,행복하다
가볍게 머리를 흔든다,PosEnv,즐겁다
가볍게 머리를 흔든다,PosEnv,유쾌하다
가볍게 머리를 흔든다,PosEnv,신나다
가볍게 머리를 흔든다,NegEnv,혼란스럽다
가볍게 머리를 흔든다,NegEnv,진절머리나다
가볍게 머리를 흔든다,NegEnv,불안하다
몸을 앞뒤로 흔들거린다,PosEnv,즐겁다
몸을 앞뒤로 흔들거린다,PosEnv,유쾌하다
몸을 앞뒤로 흔들거린다,PosEnv,신나다
몸이 살짝 흔들린다,PosEnv,놀라다
몸이 살짝 흔들린다,NegEnv,짜증나다
몸이 살짝 흔들린다,NegEnv,충격받다
Y를 슬쩍 흘겨본다,PosEnv,쑥스럽다
Y를 슬쩍 흘겨본다,NegEnv,짜증나다
눈을 흘긴다,NegEnv,짜증나다
눈을 흘긴다,NegEnv,질투하다
눈을 흘긴다,NegEnv,시기하다
Y를 흘끔거린다,PosEnv,좋아하다
Y를 흘끔거린다,PosEnv,쑥스럽다
Y를 흘끔거린다,NegEnv,경계하다
자기도 모르게 눈물이 흘러내린다,PosEnv,안도하다
자기도 모르게 눈물이 흘러내린다,PosEnv,감동받다
자기도 모르게 눈물이 흘러내린다,NegEnv,창피하다
자기도 모르게 눈물이 흘러내린다,NegEnv,수치스럽다
자기도 모르게 눈물이 흘러내린다,NegEnv,체념하다
침을 흘린다,PosEnv,욕정을 느끼다
눈물을 흘린다,PosEnv,감동받다
눈물을 흘린다,NegEnv,상처받다
눈물을 흘린다,NegEnv,울분을 느끼다
눈물을 흘린다,NegEnv,그리워하다
땀을 삐질삐질 흘린다,NegEnv,겁에 질리다
땀을 삐질삐질 흘린다,NegEnv,당황하다
땀을 흘린다,PosEnv,신나다
땀을 흘린다,PosEnv,긴장하다
땀을 흘린다,NegEnv,두렵다
땀을 흘린다,NegEnv,불안하다
땀을 흘린다,NegEnv,당황하다
식은땀을 흘린다,NegEnv,수치스럽다
식은땀을 흘린다,NegEnv,두렵다
식은땀을 흘린다,NegEnv,당황하다
콧물을 질질 흘린다,NegEnv,슬프다
흠칫한다,PosEnv,놀라다
흠칫한다,NegEnv,긴장하다
흠칫한다,NegEnv,충격받다
손바닥에 땀이 흥건하다,PosEnv,긴장하다
손바닥에 땀이 흥건하다,NegEnv,걱정하다
손바닥에 땀이 흥건하다,NegEnv,불안하다
손바닥에 땀이 흥건하다,NegEnv,긴장하다
히죽거린다,PosEnv,유쾌하다
히죽거린다,PosEnv,통쾌하다
히죽거린다,PosEnv,재미있다
히죽거린다,NegEnv,무시하다
숨쉬기가 힘들어진다,PosEnv,긴장하다
숨쉬기가 힘들어진다,NegEnv,긴장하다
숨쉬기가 힘들어진다,NegEnv,충격받다
